v1,v2,n_tokens,jsd,pillai,bhatt_dist,overlap_kde,bhatt_affinity,n_balanced_per_vowel,overlap_knn_density_k10,overlap_knn_density_k25,overlap_knn_density_k50,overlap_mvn_mc,overlap_pca2_grid,overlap_pca2_hull
a,æ,1000,0.791788461985354,0.153785436835487,0.17635756253641,0.07185093322391,0.838318178566545,500,0.4345336761451092,0.5550107094738381,0.623853483921686,0.5637940081278022,0.434,0.9432665116930373
a,aj,1000,0.819578001650552,0.0868639138783485,0.107930738816365,0.0705550759204256,0.897689769333287,500,0.6529769725309628,0.7475407572404071,0.7838085317079,0.6491820342539598,0.44200000000000006,0.9524280667211511
a,aw,1000,0.836444631393361,0.243232322072412,0.256059849618173,0.0604537616140536,0.774095638077456,500,0.4588436618861155,0.5548168806392434,0.609569282990273,0.4871903410283152,0.366,0.8947710416014805
a,ɐ,1000,0.867782414616513,0.199905420495903,0.217835063556035,0.0497100447163362,0.804258082195737,500,0.45170717957995865,0.5283298930642739,0.5819658073135439,0.5325324509681305,0.43600000000000005,0.9195502788381551
a,ɑ,1000,0.883907401034797,0.377296984880279,0.431925000456819,0.050656349563148,0.649258068917752,500,0.3764085838266175,0.47112254532941644,0.5032791400621346,0.3595092639286848,0.33199999999999996,0.8224249977392009
a,ɑː,1000,0.915269477360937,0.453707875933131,0.594287236497097,0.0326291846560231,0.551955839673306,500,0.16026318684377147,0.23252182887507755,0.2885586651643081,0.2921817255801468,0.276,0.7523467042561243
a,ɒ,1000,0.936249128796427,0.495301882471221,0.648749938243113,0.0254668975183605,0.522698774280468,500,0.15221933594630765,0.25694422527827115,0.31835914127710985,0.2642006997739849,0.234,0.8543671208187766
a,ɒː,939,0.951304067220553,0.560386670872192,0.82833518103251,0.0234037019669158,0.436775834061584,439,0.10898710036662503,0.1607283585269062,0.20350530484814422,0.21274634568893344,0.21640091116173119,0.8827115155273235
a,e,1000,0.853723620737969,0.487831736932733,0.737438197501665,0.0520578604286332,0.478337754088837,500,0.2306629258225,0.2442578079597087,0.2790952749901025,0.2282782270065351,0.244,0.820433108241549
a,ej,1000,0.913662425081864,0.452670641939445,0.61216066995629,0.0366761423129412,0.542178134578305,500,0.2109534685103643,0.273401409200117,0.3107306730205445,0.2872047806238533,0.28400000000000003,0.8658084499656479
a,ə,1000,0.85106435106816,0.247659263962028,0.291949811116602,0.0534732428186835,0.746806016392877,500,0.5064552740076794,0.5742179594073678,0.5933389835297074,0.46655508421418035,0.43200000000000005,0.8444328292232651
a,əw,1000,0.882941445746571,0.338070338462609,0.430433456793885,0.0364844301720727,0.650227188238279,500,0.299882005780191,0.37714133011536405,0.4479738320453305,0.37380831044437957,0.278,0.9744627339860324
a,ɛ,1000,0.835891159843187,0.109861979521923,0.169319376456547,0.0805813852684327,0.844239230190875,500,0.5309852060154385,0.5913999903313727,0.6451975424933487,0.5733077295951458,0.42000000000000004,0.9274077043291028
a,ɛː,845,0.835923496224732,0.149295848019957,0.204337899195712,0.0505501617452102,0.815186873655754,345,0.5495293916870336,0.6651496823190862,0.702083380515822,0.5161834567353112,0.3913043478260869,0.9405994308748146
a,ɚ,1000,0.896813932060449,0.466997564051782,0.691747013933965,0.0425357128715894,0.500700573658464,500,0.20327515872596671,0.25181996792228023,0.3008196524633795,0.2554881027819097,0.31000000000000005,0.8494281355511915
a,ɝ,1000,0.932133365486064,0.542940903516095,0.809763800514646,0.0255517798004761,0.444963153879575,500,0.1597148725638572,0.24715717192257847,0.28951218622810015,0.2150422370268785,0.28600000000000003,0.8247716969931852
a,i,1000,0.925650772211574,0.550833214656088,0.844965528761306,0.0314396476506907,0.429572165840184,500,0.16464146094699736,0.21279815150342318,0.23048977729554349,0.2097732097741749,0.20600000000000002,0.6947938377264756
a,iː,1000,0.968583394005968,0.655246583428003,1.21110366593772,0.0089461885795512,0.297868350796912,500,0.051730003870376545,0.08507335337088906,0.10899461576841177,0.12770871614962193,0.128,0.6651811596280219
a,ɪ,1000,0.898907777045173,0.390387977551943,0.472956368689475,0.0393202127837013,0.623157259752423,500,0.3705352666283276,0.416250038823337,0.43816984518956675,0.35344354741919226,0.324,0.8130125046293607
a,o,1000,0.858590998575236,0.452123605829267,0.711301343229878,0.0476280866923113,0.491004815730866,500,0.2999465058725399,0.34283679489497165,0.3524897180864756,0.24093421944421567,0.258,0.7913999002020956
a,ow,1000,0.898500611306019,0.502428451718205,0.756561786898338,0.0427822837676742,0.469277131231922,500,0.14617944223047938,0.2545600622917672,0.3337684499532496,0.2395765597929048,0.22400000000000003,0.8018236251644454
a,ɔ,1000,0.839272870763168,0.311999831998417,0.396194511546058,0.0579637540619313,0.672875801095144,500,0.40169620507004966,0.47301547817692846,0.4824622603551127,0.4038186134241883,0.31800000000000006,0.8610919435717268
a,u,783,0.876263100657715,0.443105782831732,0.855175158270286,0.040142705888165,0.425208705737695,283,0.18036063345705486,0.22893115899589295,0.28268100258167517,0.1854561045527755,0.17667844522968196,0.7407392910174738
a,uː,1000,0.903252209899164,0.564655756657195,1.02328899893517,0.0515437292216774,0.359410892032728,500,0.2185241102995397,0.2560518429004295,0.26231355977904436,0.15678422928344887,0.20800000000000002,0.8324517440312029
a,ʉː,1000,0.951113765462185,0.566779099913166,0.8358417031307,0.019683138246804,0.433509441572786,500,0.16578157432663115,0.19609639061099426,0.22499441454553126,0.20413941355610174,0.22199999999999998,0.6495892484818963
a,ʊ,1000,0.88286282174644,0.404593566893242,0.562101492579579,0.0412488024481083,0.5700099326637,500,0.405825351257587,0.42295768852935506,0.4343870474069578,0.3142490240423701,0.3440000000000001,0.8264851347154711
æ,aj,1000,0.822445545407521,0.175283573014885,0.212136673528641,0.0717046152221927,0.808854141061983,500,0.4188006951182597,0.5480223838591054,0.6273471828720364,0.5370458560956755,0.418,0.9688481455921836
æ,aw,1000,0.873647224283902,0.397866116123493,0.481394756022815,0.0364859370620118,0.617920941537268,500,0.19248881413099056,0.2949779255663443,0.37696694468594283,0.3415090914943566,0.31400000000000006,0.8836568392021311
æ,ɐ,1000,0.869175448224219,0.41648892271532,0.505866167328921,0.0390129693724765,0.602983064938209,500,0.21173657571038376,0.27508227945385433,0.3420315114281322,0.33156796284708834,0.288,0.8589039047538802
æ,ɑ,1000,0.923251957355007,0.537892283324676,0.756584470829036,0.0313154387091979,0.469266486302734,500,0.15953048144177776,0.24071524931103924,0.300280109796814,0.23325609318613152,0.262,0.758974287850032
æ,ɑː,1000,0.942861021197011,0.587022397951311,0.919763257697615,0.0176616643784479,0.398613398568608,500,0.06379208923674257,0.11228705050086726,0.16197684681308633,0.18556199337586438,0.21799999999999997,0.6427908594504468
æ,ɒ,1000,0.947024884364247,0.621476104771198,1.05046994297215,0.0144012787026673,0.349773336960463,500,0.056218513185072816,0.12476459293983565,0.17660772483839743,0.15783352472792575,0.152,0.7966457731926612
æ,ɒː,939,0.983975527093229,0.66999687814419,1.26505403526276,0.0061785425138495,0.28222404567803,439,0.046141663248943095,0.08770303972543393,0.12910029123710082,0.12595237427031056,0.14123006833712984,0.7663370465553832
æ,e,1000,0.904264236725338,0.52062302769067,0.78542955857331,0.0455262733281736,0.45592381373299,500,0.11549178097311714,0.1872164122353085,0.2369263771781232,0.21643236741902588,0.23000000000000004,0.8599436018005281
æ,ej,1000,0.892300666563703,0.439232410678236,0.55792144635572,0.0409492671570376,0.5723975873071,500,0.19932724984171488,0.28867785158379566,0.3527044822169013,0.30837007094952484,0.28,0.9095245356681222
æ,ə,1000,0.888564115358958,0.410297689545721,0.52444003868973,0.0383238466378867,0.591886705244121,500,0.28307727917891423,0.3798573554092111,0.44300422776461146,0.32643627024393657,0.31600000000000006,0.8652352052478124
æ,əw,1000,0.943094516062124,0.502440148861731,0.756831624765637,0.016973601530341,0.469150519574737,500,0.13077308478415503,0.2030888878133417,0.27425492633099596,0.23515344090478124,0.234,0.8493048922610451
æ,ɛ,1000,0.804640661460998,0.165084694466985,0.245211449121519,0.0941781403002611,0.782539053551261,500,0.4906796364158533,0.5680740195725822,0.6346532108429517,0.49784900534252785,0.426,0.9926361379568788
æ,ɛː,845,0.828930918887285,0.226472878837173,0.297566530585897,0.0663021254285399,0.742623174422307,345,0.3602715754606204,0.5231700841191157,0.5920927135958672,0.43802982146580705,0.32173913043478264,0.9444866805518267
æ,ɚ,1000,0.942538620085923,0.581044851517333,0.957547950089228,0.0172007587888248,0.38383291046449,500,0.08571915444110823,0.1295868481847935,0.1690276158728417,0.17545552530626363,0.224,0.7418855322521751
æ,ɝ,1000,0.964410152085741,0.638758458628681,1.13609021990099,0.0140303813163037,0.321071891489557,500,0.06116641895159135,0.10742560783431421,0.14258120845941635,0.14211858936594635,0.178,0.7025364738411431
æ,i,1000,0.920085311111976,0.560780783357437,0.852558022277355,0.0255855130407785,0.426322992229615,500,0.10846257968530795,0.17748856996831497,0.22668968350985944,0.19922211372748838,0.194,0.7347693322587883
æ,iː,1000,0.967138391869735,0.64155742693709,1.13865710632991,0.0096867398934818,0.320248793260365,500,0.052856549250058366,0.09851380822775065,0.1322408925860733,0.14031601107356434,0.14600000000000002,0.7086704191015438
æ,ɪ,1000,0.88586626573389,0.426102631183788,0.533344887206092,0.0361802044840209,0.586639441513413,500,0.26320141590843615,0.36463304635177896,0.4355896548569348,0.3270062238835698,0.318,0.8443792232080449
æ,o,1000,0.949535246577569,0.616373185914353,1.13300419083776,0.0109866841509853,0.322064259128195,500,0.08977361853863375,0.14028486131320375,0.18484101368401334,0.14136477667275157,0.14600000000000002,0.7161462292271213
æ,ow,1000,0.959938815634479,0.659324860312473,1.22406226425622,0.0172335732368036,0.29403329661719,500,0.04857918694737391,0.11375215712655024,0.16881385885806252,0.12673214320922005,0.132,0.6679375975859329
æ,ɔ,1000,0.916201055191941,0.50990084447552,0.743960506245063,0.0250190044842516,0.475228039855275,500,0.14018868419448585,0.20243548057651556,0.24795840889690307,0.23851024008525928,0.202,0.7519667687104079
æ,u,783,0.93510288599271,0.55892394838693,1.11702888296035,0.0206437536466738,0.327250651631247,283,0.12115889541444329,0.17407475745306744,0.2054228569142823,0.1405638266253835,0.13427561837455831,0.7830879993010689
æ,uː,1000,0.939086339213774,0.639558405409522,1.22554884956748,0.0236855032180798,0.293596515773849,500,0.0818319359120299,0.13944827231420182,0.17298248741076266,0.11796080108802794,0.15599999999999997,0.8512962940378843
æ,ʉː,1000,0.947526263046134,0.604702985720324,0.967764608160916,0.0158907249949699,0.379931385073793,500,0.09357815123709817,0.1597022081790288,0.20636542841376906,0.1756896392231507,0.224,0.6964980123389216
æ,ʊ,1000,0.91115110999369,0.518982385438318,0.814304086570637,0.0220365118037119,0.442947473222612,500,0.1896260593590176,0.26844708418390584,0.31802338484033976,0.2113953478991747,0.26,0.8060632989611087
aj,aw,1000,0.79426695709839,0.143719617989489,0.181096346952298,0.0759533772036526,0.834354967264886,500,0.570331176800257,0.6880583987614836,0.7131620556934798,0.563986103152207,0.47000000000000003,0.9579209245467573
aj,ɐ,1000,0.864963149017556,0.200034332861257,0.225416681252552,0.0513822814946552,0.798183561332031,500,0.4331834992347507,0.5315227064565898,0.5859512712612117,0.5187745016892411,0.372,0.9161776714801593
aj,ɑ,1000,0.866932589024409,0.295879206475078,0.379649370952401,0.0666300605602562,0.684101232929081,500,0.3749580648675077,0.5491852370570077,0.5796048637204236,0.39968290113303956,0.392,0.8731200968837879
aj,ɑː,1000,0.900312759501361,0.378812457424308,0.480493042189071,0.0315332000386396,0.618478380685938,500,0.1872289402352203,0.30362124938252816,0.3614248396294828,0.3529317099520998,0.32999999999999996,0.8346653922846268
aj,ɒ,1000,0.911051487184034,0.468795492493404,0.625132181152445,0.0216686851946596,0.535190681722309,500,0.16440433438144836,0.2949051756560947,0.3504734799807308,0.2820063080509628,0.256,0.9430538343575992
aj,ɒː,939,0.951160441852701,0.566342997394523,0.88499944067417,0.010181912782911,0.412714404120812,439,0.0822425955105881,0.1461603395349892,0.19788595110857152,0.2062230696590913,0.2186788154897494,0.8866506895038347
aj,e,1000,0.943762432646856,0.580472250464895,0.97186077590875,0.0154637439475415,0.378378305396845,500,0.07975559170676282,0.12603879823546552,0.16086127149470764,0.16810994391551445,0.188,0.7054455288784864
aj,ej,1000,0.945839783025169,0.543127818950525,0.801821906387532,0.0210308869936606,0.448511074093161,500,0.13189912215361188,0.20002605070524615,0.2392712771728352,0.219670951013372,0.21200000000000002,0.88395336964497
aj,ə,1000,0.900010478652353,0.389271573623698,0.472368833265812,0.0356998400326285,0.623523494294389,500,0.37124369394778534,0.4560950983573344,0.49237797377536574,0.34567150139227654,0.34400000000000003,0.8808898036563622
aj,əw,1000,0.89792587278724,0.354743179208346,0.46296673369827,0.0382956179289347,0.629413570421644,500,0.2744213107818124,0.38167379650024214,0.4534095266530118,0.36061835008024484,0.32799999999999996,0.942989605166846
aj,ɛ,1000,0.872791032143688,0.21549135581265,0.271898556361658,0.0598753544212892,0.76193155027815,500,0.4272605008182301,0.5116410139034505,0.5632105490494739,0.47584974504323363,0.40800000000000003,0.9858139549716746
aj,ɛː,845,0.859841754274336,0.235338682356266,0.290738596440113,0.0450189753195966,0.747711106819176,345,0.49179016119485763,0.6213025280348069,0.6535272450107912,0.44227983962749995,0.3449275362318841,0.9559430527736607
aj,ɚ,1000,0.933369915486103,0.579284745783046,0.9380917285462,0.0141560829087814,0.391373970994041,500,0.10942349214820397,0.14858316589939527,0.1945657992772008,0.1823173660346265,0.24000000000000002,0.7551964666598989
aj,ɝ,1000,0.947227363986717,0.607795442528795,0.984550784324103,0.0129730756235385,0.373607019376071,500,0.09904743272337352,0.1709264157473569,0.2241986061667215,0.16742468691438206,0.232,0.818907190444139
aj,i,1000,0.96430977837824,0.628818778358903,1.05057037934326,0.0153151440529321,0.349738208759894,500,0.08682898537397005,0.12342423457791946,0.14664310803876496,0.15078339474371227,0.158,0.6643286297646603
aj,iː,1000,0.975735062937894,0.69200141936957,1.36618044284553,0.0060461355808178,0.255079391555734,500,0.03270162416492749,0.05597180187980975,0.07169174121224692,0.10348579447508469,0.098,0.6899409849903071
aj,ɪ,1000,0.931727279392691,0.508341097561723,0.67210779308917,0.0302040585260779,0.510631137891701,500,0.23406955259504605,0.2984508693830409,0.33058876621444644,0.25673605162300217,0.27,0.8010545128980457
aj,o,1000,0.932911674166462,0.497151412452263,0.835810503678327,0.027037056828233,0.433522967040954,500,0.18071027562170686,0.24995649804338993,0.29558802256416694,0.2021867990631265,0.24000000000000005,0.7705960715340225
aj,ow,1000,0.925368327551757,0.503356753329836,0.75031453676521,0.0294441698284207,0.472217999457481,500,0.13443442170788547,0.26161138594981637,0.34557168688718964,0.23582710018008723,0.28,0.855956745730381
aj,ɔ,1000,0.889083383233179,0.348171225652563,0.462987902251363,0.0611195134993525,0.629400246788083,500,0.3085624346295185,0.40311920963529946,0.4382993928884384,0.35927382667661023,0.298,0.8568684687956503
aj,u,783,0.95263572739979,0.526995210042939,1.02806054156967,0.0137842752626931,0.357700032603461,283,0.08376463690831458,0.12658185044282744,0.1884853366469641,0.14751139248121203,0.13074204946996465,0.6321587105384543
aj,uː,1000,0.943539583113323,0.628876831454542,1.2288221502355,0.0218431518696254,0.292637057257413,500,0.09710818303603212,0.14132049434193725,0.1674952259978787,0.12178705812628023,0.158,0.7254522136950723
aj,ʉː,1000,0.96190324436907,0.640398008454138,1.05563574356589,0.0139250734162564,0.347971136560382,500,0.06603418735934488,0.1055938419099335,0.1387599225184818,0.15286344652183662,0.166,0.5920841297289683
aj,ʊ,1000,0.918622598195299,0.512891536579975,0.714448524674132,0.0256379557060293,0.489461963577057,500,0.231965634766386,0.31071547898425483,0.3293352675962924,0.2500999928115397,0.29200000000000004,0.8300148807354284
aw,ɐ,1000,0.81624184914622,0.168243233490556,0.202090012837473,0.0698942668704514,0.817021382219367,500,0.48506051889892665,0.5778031425574854,0.6696250750967396,0.5417821674966362,0.44000000000000006,0.9585144253070826
aw,ɑ,1000,0.763727046843387,0.100286405826398,0.196884193526198,0.101812017295067,0.821285738010985,500,0.5552006625779898,0.7234643080479215,0.7856525878620618,0.550209962975275,0.49000000000000005,0.9501600358280146
aw,ɑː,1000,0.825706923526642,0.15664115785113,0.199190428815703,0.0774871491827038,0.819393842276109,500,0.3528705657693343,0.5008110202961441,0.565434463192851,0.5523029162257741,0.444,0.8440965353901161
aw,ɒ,1000,0.858518041600103,0.315536654880646,0.373676529408319,0.0453637652828688,0.688199488124214,500,0.29702211771865755,0.4597729887596401,0.5309145944681135,0.40972312416886025,0.37,0.7990315828234176
aw,ɒː,939,0.912053691554698,0.463991537515682,0.61200761153307,0.0361823433043442,0.542261125859783,439,0.1573573328799583,0.24426774344883778,0.3132616944800922,0.2746126299699644,0.24373576309794986,0.754335666202087
aw,e,1000,0.931863157675016,0.678909824429539,1.36453101984219,0.0188170837995952,0.255500472546713,500,0.03790342014588111,0.053080887611478805,0.074108705000749,0.10304071087962648,0.096,0.7717088379386005
aw,ej,1000,0.97561608414869,0.682062173465992,1.30095690057676,0.0059970741741512,0.27227113193734,500,0.03154525389549049,0.059401231988769884,0.08840368692036533,0.11313876631701723,0.11399999999999999,0.7747931484270733
aw,ə,1000,0.921186187878235,0.497873553239792,0.608786854083093,0.0260161463837478,0.544010432955489,500,0.21554584216145908,0.29665996198903644,0.34795757810071504,0.2801242842005171,0.264,0.9157042723747034
aw,əw,1000,0.875129084278519,0.333179680368094,0.365289518262751,0.0469751130131007,0.693995697360869,500,0.3278737866470528,0.44518761180499355,0.5061940864388905,0.40034350327992696,0.46,0.9251892080335149
aw,ɛ,1000,0.920599906174945,0.412481358859663,0.491196722715229,0.033475939069622,0.611893688772597,500,0.22109025310934732,0.3094276538842561,0.37855376252451856,0.32676185099071225,0.30800000000000005,0.9061936750295011
aw,ɛː,845,0.912155159122476,0.44080621140142,0.564416678413661,0.0266623289909465,0.568691780215033,345,0.2375383670561949,0.36630022475519664,0.41354282239639273,0.2854351044072669,0.20869565217391303,0.8839928502201438
aw,ɚ,1000,0.963132847612058,0.667511236961149,1.25518529872173,0.0136667547941677,0.285023028928006,500,0.04809671363328927,0.08176152286044656,0.12036286188847281,0.11447570674556644,0.16000000000000003,0.6686672990119259
aw,ɝ,1000,0.962213755328052,0.659164802622379,1.18566016030116,0.0106925761955906,0.305544404617988,500,0.06918263204879234,0.14085369139121987,0.19510154739458846,0.12863465792401071,0.19,0.7380154601861807
aw,i,1000,0.941746572203905,0.713951749925539,1.50427239286209,0.010351461982503,0.222178893983263,500,0.029807859380853383,0.04634298507033624,0.06176989880287056,0.08824954713361595,0.07,0.691444392805011
aw,iː,1000,0.980963426312229,0.755819194306991,1.81725593570949,0.0094031787303012,0.162470970587467,500,0.011880268665837567,0.02145141004825757,0.029852280937258308,0.05850981580540549,0.06,0.6293819338610955
aw,ɪ,1000,0.971187899860419,0.64009456361263,1.07438652233665,0.0127943396420409,0.34150719808809,500,0.08528690868831748,0.1276639856225448,0.1669931336351608,0.1493960778049755,0.146,0.7483784673343956
aw,o,1000,0.906470601627783,0.489579318612882,0.741287946162292,0.0466635162113206,0.476499814034279,500,0.16031438745970422,0.23958382015991153,0.28513230785649546,0.22654703331959677,0.276,0.8950555838061375
aw,ow,1000,0.851184835732462,0.405096809353155,0.521092035911841,0.0589692523445095,0.593871664547968,500,0.2149891076478981,0.38352440173400765,0.47497281892167587,0.3194515962913231,0.376,0.8357613980466164
aw,ɔ,1000,0.822858290029989,0.308474566595479,0.366840214628112,0.0802507489788896,0.692920354735832,500,0.3637973441478098,0.4621336931909967,0.5160404609949384,0.39817494480398113,0.354,0.930405020250656
aw,u,783,0.922026692173055,0.594732188104621,1.19081439062186,0.0268946666498939,0.303973609979548,283,0.06460312733631056,0.0931867532958642,0.13811327833401488,0.11156335909633608,0.10600706713780919,0.647618712481919
aw,uː,1000,0.930186060514531,0.688402777403875,1.47928091506214,0.0293550888832053,0.227801438084734,500,0.058411593274170254,0.07911161531430455,0.10092758506843254,0.085677511538271,0.092,0.7749120442839664
aw,ʉː,1000,0.975783590977921,0.707533536852329,1.38393912510754,0.007911829805401,0.25058950293986,500,0.027041298719490986,0.04628730241683154,0.06662308456390534,0.10137124968781293,0.088,0.6014078998502699
aw,ʊ,1000,0.938766297378187,0.603834722227657,0.953885753778847,0.0188282980393252,0.385241159000377,500,0.1330100236541496,0.18790168340072017,0.22435132096045723,0.17863238212921712,0.22200000000000003,0.7689251344613196
ɐ,ɑ,1000,0.843531479723435,0.20712970071295,0.267322695329346,0.0681385624648124,0.765426032202758,500,0.4564592468742812,0.5829277728023148,0.6492027240840952,0.4745653551247128,0.374,0.9325152161150875
ɐ,ɑː,1000,0.881101530748818,0.287267734736277,0.363872864839092,0.0464489505345493,0.69497954546289,500,0.30484669383446666,0.40827988126960607,0.4700444406823504,0.41293242242826483,0.398,0.7650854844774281
ɐ,ɒ,1000,0.877662438023063,0.287505104025714,0.359836777834073,0.0516282663291392,0.697790211606157,500,0.31690159605184604,0.4785445200766946,0.5663851046686134,0.41573781047278263,0.358,0.8306932109398394
ɐ,ɒː,939,0.935878422001768,0.425107553536071,0.57538870260678,0.0271460978812176,0.562486186461555,439,0.1662176529221943,0.24710738373191998,0.3128772435775099,0.30469835225048725,0.2824601366742596,0.8638976472923495
ɐ,e,1000,0.922661801276607,0.579804892208949,1.01891896373084,0.0235029663721609,0.360984967160557,500,0.1356249113259592,0.16183551829974668,0.19185346012014332,0.1597338602039227,0.20200000000000004,0.7387948218379691
ɐ,ej,1000,0.947016009206827,0.573974598132266,0.904885211520908,0.0182546368677789,0.404588324516043,500,0.09808858181082974,0.13910710089003575,0.18010959572352264,0.1910008490548186,0.17400000000000002,0.6994624730690869
ɐ,ə,1000,0.870524929369248,0.246715628654742,0.256733920329927,0.0401550756857957,0.773574018703654,500,0.4539860812597277,0.5163517675950391,0.5702904534999802,0.48315550676159263,0.40800000000000003,0.8480356353008761
ɐ,əw,1000,0.855169983590141,0.155584321091688,0.219210308413833,0.0528076123605937,0.803152790601349,500,0.5530993939715496,0.6108904224860688,0.6864341987958742,0.5281305697489761,0.466,0.9647054649024723
ɐ,ɛ,1000,0.869994527914352,0.266973332262093,0.284663713707191,0.0645555713037819,0.752267188931945,500,0.3183898119124974,0.40707259647016625,0.46754638969838047,0.46572949718181433,0.342,0.9666817059490593
ɐ,ɛː,845,0.908768204899508,0.272318138889015,0.337880873297959,0.0408873510448617,0.71328025356158,345,0.33854103601957897,0.43003586017757206,0.5098340380705058,0.4193612222422213,0.3130434782608696,0.8569261353234823
ɐ,ɚ,1000,0.911746856917581,0.488773987187017,0.741513078679066,0.0190201203111484,0.47639255050661,500,0.18453208289961107,0.24790417814884425,0.2953548966870171,0.22929597507108837,0.30200000000000005,0.7541173876755957
ɐ,ɝ,1000,0.927446098417525,0.524892565235429,0.744894291701337,0.0196259189636651,0.474784485947568,500,0.18684101257248031,0.2912439771984485,0.36708010432240945,0.23278277526956886,0.352,0.8660151673794513
ɐ,i,1000,0.955571368228763,0.618587214203992,1.04248426585899,0.0198077667350515,0.352577696343433,500,0.09798461411442949,0.13826641350982596,0.16783396533946093,0.15961567771978863,0.15600000000000003,0.6160314907880644
ɐ,iː,1000,0.973712844182561,0.688380076170127,1.36233973539206,0.0049815131933658,0.256060960629339,500,0.03888970966039067,0.05839600671273358,0.07733674318623449,0.10329757442846753,0.10200000000000001,0.6897846556883425
ɐ,ɪ,1000,0.944880703525734,0.464004952756995,0.607949011224284,0.0204206986592567,0.544466419207596,500,0.20798430032293033,0.27147248216982267,0.321232388112835,0.2884278418988546,0.256,0.7451206639763533
ɐ,o,1000,0.826712219946561,0.33968091227684,0.54712229266312,0.068829307628608,0.578612494294261,500,0.36558277837442926,0.43235455049030697,0.4590488962185266,0.30620007697422663,0.378,0.8439954459572431
ɐ,ow,1000,0.855419564517843,0.27030943268614,0.380775580748195,0.0678359571283717,0.683331225095811,500,0.29475842161359794,0.45248917645128023,0.584614673524167,0.4030129107960784,0.356,0.8505409647956851
ɐ,ɔ,1000,0.837666675692367,0.210758536770052,0.29835029346927,0.0631191086756413,0.742041361973147,500,0.5080442396206343,0.5707766030135895,0.6290546140811142,0.45991880569932353,0.40800000000000003,0.8789400117689767
ɐ,u,783,0.933393084112684,0.470575673535971,0.901876829941471,0.0246663724859887,0.405807313251043,283,0.19894264236805206,0.2127624768976769,0.25275348138989473,0.2155423964080097,0.19081272084805653,0.7994395937302156
ɐ,uː,1000,0.915382596478473,0.595064444364859,1.13973578908154,0.0252551943999495,0.319903532657652,500,0.21889331626408592,0.23840269422048344,0.25684996238070334,0.1324666087059853,0.18600000000000005,0.6999008461578553
ɐ,ʉː,1000,0.964487948014764,0.582227477597786,0.86131292936525,0.013672829168275,0.42260686495396,500,0.1098000285692379,0.1567018878689404,0.19506662505953032,0.20153538226686532,0.192,0.6156296409593924
ɐ,ʊ,1000,0.885510478110219,0.369724825481836,0.452246958905122,0.0453579150022239,0.636197035799672,500,0.4279289698279569,0.4723387398679216,0.5064144316886945,0.3637901701650848,0.326,0.8700762178284771
ɑ,ɑː,1000,0.793403449289266,0.0904032434406946,0.168557447809228,0.0885070119353895,0.844882725363121,500,0.41548962750117546,0.6135584070008046,0.7006623851864022,0.585713958070413,0.4720000000000001,0.8827738228090604
ɑ,ɒ,1000,0.854643100228678,0.235868967405753,0.284345772180718,0.0458462199128892,0.752506403936486,500,0.30322207950841523,0.5218458000530155,0.6019702344443056,0.4724127268483497,0.404,0.8644023365798316
ɑ,ɒː,939,0.907612714289912,0.413499240808256,0.525322053615311,0.0359898413691921,0.591364882497398,439,0.17101110970963038,0.2869563486961949,0.35925268555480405,0.3239017418680064,0.33029612756264237,0.9396622384546123
ɑ,e,1000,0.921801999330113,0.718579309950771,1.65572003425914,0.0334525375813984,0.190954512402595,500,0.1514086926510798,0.14198581189957013,0.12977444828091814,0.07399975902763646,0.116,0.6546360699686652
ɑ,ej,1000,0.968224174630319,0.721329692355842,1.57455857666632,0.0071502129274711,0.207098950816305,500,0.0577250092241101,0.09119691473297517,0.11140715818398052,0.08353559022853854,0.10600000000000001,0.5885264460664721
ɑ,ə,1000,0.909951856555021,0.494201458468811,0.654063364810613,0.0268099324540973,0.519928818222358,500,0.2427309367215899,0.32438427622117466,0.35984385857191425,0.2656210164163768,0.23199999999999998,0.7202468614101691
ɑ,əw,1000,0.877946777770753,0.312609668712645,0.389644666586726,0.0392863562370515,0.677297498176645,500,0.3007372127070581,0.4647803657772769,0.5517406296938863,0.3851596441543893,0.374,0.9593937439627022
ɑ,ɛ,1000,0.919740184992861,0.481637028092678,0.638798767431749,0.032379668373645,0.52792620545903,500,0.20529139642513347,0.2950712068674395,0.3263564172529355,0.26802003103507316,0.23200000000000004,0.7608284824384147
ɑ,ɛː,845,0.934299152797642,0.502415714079137,0.7330329565364,0.0218991179848356,0.480449595327926,345,0.25836351373990263,0.3359568991539651,0.38341776027671204,0.22949456420216321,0.1855072463768116,0.7147533567335492
ɑ,ɚ,1000,0.949218867191215,0.624180464639688,1.1576959109247,0.0141653645056859,0.314209313728565,500,0.11425122335182997,0.15637675908946908,0.1777719577881328,0.13243859692284995,0.176,0.6071464772178533
ɑ,ɝ,1000,0.959347411430543,0.590822294264846,0.960946463296957,0.0146101885184872,0.382530663354118,500,0.10959713484683999,0.20793220881248486,0.2592758877663616,0.18199819072128326,0.20800000000000002,0.7071151759689478
ɑ,i,1000,0.939150982699644,0.731571534386436,1.66550107214785,0.0166031490501222,0.189095883559029,500,0.08514503875942571,0.10270964776770067,0.10563115908578996,0.07454011428385168,0.1,0.553932389726715
ɑ,iː,1000,0.983597860847571,0.775888577889979,2.03836336595436,0.0055298654717286,0.13024169453417,500,0.036839904487318664,0.050368250307897364,0.05748916708241955,0.0454806356041272,0.066,0.5276448851033269
ɑ,ɪ,1000,0.955361971346524,0.660184081888377,1.2329760382718,0.0177658638384269,0.291423996889028,500,0.12918358912057779,0.16145704303034542,0.1843154862766696,0.12812480221555325,0.136,0.6243666949600499
ɑ,o,1000,0.893773252991114,0.471018185619625,0.80210820543177,0.0334089696881208,0.448382684181149,500,0.25487801586803005,0.3478443948634809,0.38189054927470645,0.20993337376745053,0.27,0.7760520575740374
ɑ,ow,1000,0.875746435635781,0.320910197169885,0.426634506802686,0.0604661010421252,0.652702066802807,500,0.21714372096123302,0.40871840675325016,0.5279253439367432,0.36723631848797594,0.41800000000000004,0.8714979844673711
ɑ,ɔ,1000,0.850799156969511,0.302591408431059,0.437806816226279,0.0749446174092192,0.645450461369851,500,0.4063585387871901,0.5271358895463834,0.5666712139233459,0.3634188661237344,0.36200000000000004,0.9131321559045602
ɑ,u,783,0.921941347814378,0.606259358365598,1.36502084529923,0.0308617125988396,0.255375352556953,283,0.15264865612254952,0.12545321455606978,0.14984586134919636,0.09469383473191258,0.11307420494699645,0.6643372134608188
ɑ,uː,1000,0.908916677189662,0.699486605908975,1.64844029069729,0.036724160106195,0.192349684370556,500,0.21227249188118316,0.22161670521320193,0.177912072817034,0.06901059116068858,0.11800000000000001,0.6315301342985153
ɑ,ʉː,1000,0.941788457201919,0.705016049948296,1.45649239727888,0.0148826232842124,0.23305229762436,500,0.10062351653767614,0.10917807742939867,0.1146390846878172,0.09454410410030832,0.10600000000000001,0.4757537887124996
ɑ,ʊ,1000,0.931411557500628,0.58896340857579,0.955099997411165,0.0307010385861089,0.384773666258635,500,0.19885603289973844,0.25923147504384214,0.2791288529343847,0.17554279969509767,0.19,0.6642193351622904
ɑː,ɒ,1000,0.851212789566757,0.221668158291652,0.262305477353425,0.0689890139654505,0.769275991416971,500,0.3518688271467995,0.5449467069899183,0.6180949037704385,0.48083312260188504,0.42800000000000005,0.8155791160454128
ɑː,ɒː,939,0.834701542150009,0.348748354751815,0.386624103510308,0.068438366747847,0.679346410868578,439,0.3012808414198429,0.4141223933553635,0.46542268457129377,0.3831611268551528,0.3394077448747152,0.8676676289414388
ɑː,e,1000,0.969780271820224,0.743667214082412,1.8277010599982,0.0064479263321136,0.16078277317088,500,0.019204157027901195,0.0315960240171493,0.0470944811127697,0.06021283758993827,0.10400000000000001,0.5461299517205969
ɑː,ej,1000,0.991376137434129,0.743421997090281,1.69372813180909,0.0021508965850486,0.183832891609498,500,0.016845482650465454,0.0363154996932928,0.05347096093124968,0.06896258297985881,0.076,0.5146325384942282
ɑː,ə,1000,0.961389277767967,0.5760855833626,0.844471647623398,0.0160188511393021,0.429784375829205,500,0.07879580935285013,0.1317109018850433,0.17650496078433126,0.199516646508732,0.21400000000000002,0.6481825238437043
ɑː,əw,1000,0.900675242572883,0.343975131651618,0.377969107638869,0.0476128539358016,0.685251669380929,500,0.2597563537225535,0.370769787407165,0.45512561304699334,0.393403575686493,0.388,0.8571974994465835
ɑː,ɛ,1000,0.947178537118185,0.539163953266416,0.75781390635643,0.0149877606497047,0.468689907918259,500,0.08865718133716535,0.14472550276563906,0.18813426236087183,0.22547685082221927,0.21000000000000002,0.7367908301791273
ɑː,ɛː,845,0.930904659017852,0.559278733662953,0.868007570396032,0.0190233259108186,0.419787112841392,345,0.11009112416537688,0.17876047959753721,0.22859627535273913,0.19702249433051425,0.18550724637681162,0.6095283049108472
ɑː,ɚ,1000,0.979053656786826,0.705447981994213,1.53605922544292,0.0080765040178044,0.215227595843345,500,0.020063037406766984,0.03876407415246731,0.059253130690113044,0.07870570278956472,0.14800000000000002,0.6263435274345311
ɑː,ɝ,1000,0.981895845230277,0.683887736465429,1.33866431595347,0.0081205839289615,0.262195645339658,500,0.03186890073220877,0.07092124573872452,0.10729992109323866,0.10910189206638889,0.15800000000000003,0.5474867648924215
ɑː,i,1000,0.984556824196949,0.762890899525772,1.89697074154051,0.0063442516181807,0.150022388172407,500,0.013728747564321114,0.02501768033129935,0.03828405624685146,0.05711048170748386,0.066,0.43165921706500493
ɑː,iː,1000,0.99338478081955,0.795202045783495,2.21861781566252,0.0017387668575704,0.108759330427141,500,0.007116924547992707,0.014353995345088993,0.023166369241311505,0.03726456090529361,0.064,0.46334974291916525
ɑː,ɪ,1000,0.97902827497989,0.705364139737575,1.42903029966842,0.0038413628233684,0.239541092734713,500,0.03456055523969815,0.06124337696386478,0.085492062577346,0.09468410739390444,0.112,0.5923843336111995
ɑː,o,1000,0.936828731240293,0.501191484467678,0.812872232909715,0.0288418282239953,0.443582163467079,500,0.10002092891678374,0.16864648257088707,0.21879860195337,0.2076909513969706,0.274,0.644391116199081
ɑː,ow,1000,0.859170491321684,0.341030272910406,0.402793803322023,0.0405902630822353,0.668449917266605,500,0.19129123677512908,0.3244373037641799,0.43102612593807754,0.3745529426504062,0.364,0.8379378176461592
ɑː,ɔ,1000,0.865036413913091,0.337616106261436,0.446809407949165,0.0570374541583031,0.639665811876437,500,0.22438394960114166,0.3334799897228169,0.39768655115190904,0.3545569230116743,0.336,0.7826038788123767
ɑː,u,783,0.972047033129039,0.650505398817153,1.49443709143305,0.009501401822115,0.224374871726317,283,0.03875569001065494,0.06322047481223116,0.09435415898012595,0.07902484168473038,0.11307420494699648,0.4910804739268955
ɑː,uː,1000,0.960105433624439,0.73643938370872,1.85891865461934,0.0111204533390643,0.155841057295169,500,0.026365061290478744,0.04619106847229767,0.06784237455711879,0.05315879202598175,0.076,0.5727044617695018
ɑː,ʉː,1000,0.987764401315267,0.746555477854219,1.70486549647742,0.0049894291344751,0.181796836845929,500,0.01558190371651752,0.02814383212937627,0.04430818468860501,0.06992624859797911,0.096,0.4298613502691368
ɑː,ʊ,1000,0.957570350904296,0.650728477844366,1.13808103514969,0.0105591039144281,0.32043333250943,500,0.06764184835021803,0.12050989560229422,0.15679281906159806,0.13605702534215322,0.20600000000000002,0.6222161770768339
ɒ,ɒː,939,0.785887325133648,0.0991178810987262,0.162841864081874,0.0831822342262574,0.849725549920612,439,0.4881345048410894,0.6919951733019649,0.7452383232744286,0.5794927667866424,0.43963553530751703,0.8906407691073078
ɒ,e,1000,0.984680636770156,0.724361342287122,1.68510938051825,0.0054908876663396,0.185424149057193,500,0.037016612753701335,0.08874643247271406,0.12824114421951482,0.06918576212489547,0.116,0.6124199191686122
ɒ,ej,1000,0.980781174474841,0.702816537495029,1.45730933630391,0.008068465084465,0.232861985854699,500,0.034841930729171716,0.07658202892061237,0.10884372745903612,0.09272809725237487,0.098,0.6751606451296623
ɒ,ə,1000,0.92298479352734,0.449935817383275,0.56569778553496,0.0249422737339741,0.567963691604907,500,0.18200724611684516,0.3040079022313935,0.3626992583772273,0.2969630506094906,0.25,0.8329297315634191
ɒ,əw,1000,0.848130014223807,0.153807317321581,0.217834653097746,0.0879183703197551,0.804258412310202,500,0.44145275343841317,0.6143869900720096,0.7069861642694106,0.5306926986560566,0.45000000000000007,0.8940668278371687
ɒ,ɛ,1000,0.942767127790588,0.499235327580897,0.666891268984461,0.016190948494744,0.513301817306664,500,0.11914701685380863,0.20452322714656998,0.25798260483484475,0.2613042446551456,0.214,0.8435197764947867
ɒ,ɛː,845,0.941063282494181,0.515837620534694,0.74132249856884,0.0104803866348556,0.47648335010342,345,0.18212248321657343,0.27166145561630267,0.33182070855119083,0.2584627106332877,0.17681159420289855,0.7856681071115338
ɒ,ɚ,1000,0.953816212041201,0.628385290467465,1.14725112420591,0.017064637173816,0.317508361930917,500,0.07390974418544324,0.12539064245896192,0.156513325024168,0.13456554245645697,0.14400000000000002,0.7305871089175312
ɒ,ɝ,1000,0.947734110010939,0.600249656399119,0.987858815860608,0.0242844434278539,0.372373157525858,500,0.09183760907323994,0.19235973528058523,0.23813091856638352,0.1671209202515039,0.194,0.6832686270078188
ɒ,i,1000,0.979607696369046,0.723685651471573,1.61126991614194,0.0036486933949491,0.19963393467733,500,0.03288246269176812,0.07597098554360879,0.10995227405298236,0.07775455991532693,0.08800000000000001,0.5889802857794499
ɒ,iː,1000,0.991500881083611,0.75731469707448,1.84834087597814,0.0056030465110692,0.157498258805908,500,0.01954279181192238,0.04626560061308976,0.06839399732081801,0.05833687975882768,0.08000000000000002,0.7330581709422671
ɒ,ɪ,1000,0.960236522662891,0.63316915860391,1.09940013921525,0.0109767954011312,0.333070819908538,500,0.07599021707282344,0.1448486614452142,0.19803718401938458,0.14893366804619346,0.134,0.7947586888880521
ɒ,o,1000,0.81954624251893,0.327736872580522,0.550979665717037,0.0633953300867295,0.576384869202741,500,0.30812688782160175,0.4369737819209162,0.49303645260868423,0.30306805881855836,0.41000000000000003,0.828740614433255
ɒ,ow,1000,0.788435252944092,0.107446004057452,0.219547499493956,0.101315621259423,0.802882020297614,500,0.3110657885858439,0.5283473038611243,0.6619272977229262,0.520131877383022,0.486,0.9570371265252033
ɒ,ɔ,1000,0.844526983741068,0.239200394343065,0.337815824671759,0.0668095647896593,0.713326652971262,500,0.4313855173916351,0.5876626657124557,0.6448909394261014,0.4340585059393345,0.43200000000000005,0.8137194569472964
ɒ,u,783,0.966296053736924,0.590404767612528,1.26066109844776,0.0154900492580663,0.283466565235154,283,0.06373696575105975,0.11006656673483468,0.1543160819200065,0.1172893909312505,0.13427561837455831,0.5985532903480828
ɒ,uː,1000,0.952521190412124,0.689962168420253,1.58940223552163,0.0147335948096932,0.20404754766199,500,0.07716015595973162,0.1416172471372956,0.18004236631996723,0.07654494581151373,0.12000000000000001,0.6161762994425507
ɒ,ʉː,1000,0.969953814619857,0.66098778449692,1.20689855169398,0.0118730666608876,0.299123558537933,500,0.05043352943860101,0.09994346884437541,0.13939778175081727,0.12861104193044223,0.126,0.5997240278003384
ɒ,ʊ,1000,0.921008894644489,0.50360980592652,0.726069437613641,0.0258621251022157,0.483806890905639,500,0.21077267793309096,0.33868927761828727,0.38523045338962475,0.2368827345737483,0.268,0.7212805537406864
ɒː,e,939,0.968964021629172,0.694719337213961,1.50579159348034,0.0128922535834268,0.221841615931543,439,0.04953289901804593,0.07638714782128236,0.10357769067376064,0.08387004479347472,0.14123006833712984,0.7303010613691882
ɒː,ej,939,0.980216751660449,0.693659626313837,1.4008387373231,0.0063225493989889,0.246390220577992,439,0.043756331881221175,0.07529230009796162,0.10279823708921401,0.10225730660033407,0.1389521640091116,0.5839428070677615
ɒː,ə,939,0.908960432233682,0.480744055125368,0.643401063877824,0.0221365381036813,0.525502115029986,439,0.1488993668064483,0.20173194977556236,0.24936668179972377,0.26415782751151307,0.22779043280182232,0.7392315413940101
ɒː,əw,939,0.864093826557931,0.217114853944248,0.276109438873583,0.0645068567868353,0.758729891672774,439,0.45018349160377635,0.4984680741618779,0.5647588098460135,0.47036174366234845,0.37357630979498857,0.9273998504805536
ɒː,ɛ,939,0.951748364112706,0.543269953221728,0.802793437777244,0.0167644608379808,0.448075543106315,439,0.10016080621022494,0.1451168510729252,0.18456416662170433,0.21670604472203112,0.214123006833713,0.7463966437192251
ɒː,ɛː,784,0.95496299367506,0.552173810481184,0.854631809807973,0.0140160638402571,0.425439805012152,345,0.12003683095206732,0.18698244704566036,0.23509996793825474,0.19311853506868296,0.17101449275362318,0.6713911828761298
ɒː,ɚ,939,0.948629646900999,0.660344459781612,1.30668848388135,0.022824730034737,0.270715050927082,439,0.04881724349707485,0.06702738475007186,0.08689192685190372,0.11234048597996434,0.12528473804100226,0.5861205856082897
ɒː,ɝ,939,0.961916424387378,0.662150180281843,1.26425059704248,0.009349043244007,0.282450886377052,439,0.05946271021176883,0.08784877486657361,0.10987572632197351,0.12044591424295681,0.08428246013667424,0.6346502264566812
ɒː,i,939,0.969914386027308,0.694523560596983,1.46359582035847,0.0117859478830744,0.231402694405836,439,0.0368857043315924,0.0631699835005004,0.09109731080165104,0.0963506104659661,0.11161731207289292,0.606751439230577
ɒː,iː,939,0.98033148929225,0.733416344466999,1.69673707161342,0.0058199322044518,0.1832805808562,439,0.023801566777312072,0.04766899885124423,0.06682373117121088,0.07012681397580808,0.09567198177676538,0.6578766371685307
ɒː,ɪ,939,0.968050519543333,0.626571593731095,1.09685414555387,0.0111677403670094,0.333919896518,439,0.08728633609332437,0.1245310902457446,0.1581635454932813,0.14473502138848807,0.16173120728929385,0.7414605276589281
ɒː,o,939,0.843018716140346,0.336840007621109,0.552994811241089,0.0702451904949778,0.575224539322874,439,0.2766516106215811,0.3628895784465088,0.4226129523271332,0.29066655684090725,0.31662870159453305,0.8025620428888341
ɒː,ow,939,0.82470007352561,0.197856409162204,0.31434601943104,0.0787249432258441,0.730266298108214,439,0.23786398333188996,0.4221260521428891,0.540012288885591,0.4414317824634609,0.37357630979498857,0.9083715717435282
ɒː,ɔ,939,0.865377837900138,0.295038725504715,0.387710027656618,0.0713395586709556,0.678609092605615,439,0.3408529780076287,0.4189797308447042,0.4474704038614554,0.38596952829596204,0.3257403189066059,0.8877544382289543
ɒː,u,722,0.930650200164902,0.563116562606349,1.1655923317207,0.0168067781769283,0.31173795505482,283,0.06294988155156472,0.10033852970637182,0.14442337530673202,0.1254612001387361,0.11307420494699646,0.8157939020726337
ɒː,uː,939,0.942625580024841,0.667910475356939,1.48047901300249,0.02261980777302,0.227528673083178,439,0.07992050733280691,0.11436879095274474,0.14194100233462265,0.08657513147266553,0.13211845102505695,0.7051045552300534
ɒː,ʉː,939,0.955809640732102,0.646194585496412,1.17373732065844,0.0145363771246033,0.309209165321781,439,0.05557812581121262,0.08622455331389192,0.1159760335808491,0.1351084087591034,0.1548974943052392,0.6252122754602978
ɒː,ʊ,939,0.907495433376061,0.511650929281053,0.756404730318862,0.020827428568445,0.469350840081058,439,0.16478932046159772,0.23683736444567866,0.2612412207450663,0.22073647000245888,0.2209567198177676,0.7168818717113826
e,ej,1000,0.821701602304864,0.249389489629592,0.456012164861652,0.0742026989352672,0.633806126887804,500,0.22287098731488433,0.28833355134577554,0.3456973877825291,0.3483120541876359,0.358,0.8925348725561063
e,ə,1000,0.820749805207463,0.32440527602883,0.543373056241067,0.0592273809241713,0.580785921131707,500,0.37025265747347164,0.4035066547127208,0.4477903316938052,0.3100459969570647,0.404,0.8720943856639262
e,əw,1000,0.90857289968048,0.568357626867176,1.06578010869556,0.0252987713487263,0.344459034438286,500,0.14847828732595048,0.18922592521241616,0.22782493029533568,0.14724267373906774,0.202,0.8548053005251671
e,ɛ,1000,0.84385060101324,0.416681109969488,0.692127530087807,0.04844106953727,0.500510085246206,500,0.26239649305312807,0.32830003917264755,0.3633865906740331,0.24246352273419466,0.278,0.7960836678589855
e,ɛː,845,0.838355234895911,0.336942143950306,0.597118910821188,0.0682157313582849,0.550395091302504,345,0.2797427340693668,0.3181880401199496,0.382211650119739,0.29090208664980244,0.3014492753623188,0.8784975256559571
e,ɚ,1000,0.899458734159923,0.537495853234095,0.87717091218885,0.0337668550783876,0.415958030434585,500,0.10387197766416686,0.15465905716350195,0.20384206532957683,0.1948959021859514,0.20400000000000001,0.8398226316432081
e,ɝ,1000,0.969114458400331,0.707884052862251,1.57521818815964,0.0085641677334279,0.206962391011252,500,0.03592150846838097,0.07877555389671795,0.10945482501966938,0.07945035494480744,0.11599999999999999,0.6375947283898226
e,i,1000,0.663225987180571,0.0825792812766775,0.241609516210597,0.174635693299272,0.785362789122462,500,0.4772405416145781,0.6054552054235969,0.6711200992120012,0.5014261357589507,0.4660000000000001,0.9228931880155095
e,iː,1000,0.807050104980818,0.288081697117603,0.462284693678033,0.0884152428318413,0.629843002094098,500,0.25005073664547195,0.32568981385610773,0.39932909489058555,0.3469696729862526,0.402,0.9052464088668358
e,ɪ,1000,0.793001152284802,0.11059293277718,0.353998367988081,0.0973761894309579,0.701876112824641,500,0.4122953673907068,0.48130815822118017,0.5448052548178134,0.4105602653048283,0.44400000000000006,0.9798542252511375
e,o,1000,0.818301780806773,0.551426732051638,0.851975090611612,0.0586851989911089,0.426571581849961,500,0.15448190705884696,0.20534143780092481,0.24354711929094996,0.20822549833704085,0.21600000000000003,0.8094416085917655
e,ow,1000,0.967885011242545,0.73178352477194,1.67464774661569,0.0149015972006264,0.187374171044283,500,0.024455230754847745,0.05168783199192295,0.08981734690347427,0.07351482200306865,0.11200000000000002,0.5280802764979602
e,ɔ,1000,0.875644262976126,0.508285133810709,0.744989930732542,0.0532156017987402,0.474739080190617,500,0.1956929995331386,0.21769293493705705,0.23810895506086047,0.23585184373758694,0.24400000000000005,0.7513701408299089
e,u,783,0.668374752775074,0.238727075730807,0.420962877194842,0.182117114338792,0.656414468903305,283,0.6354861451511529,0.6654775873746865,0.6822301862794536,0.38338742925089336,0.3286219081272085,0.7840578083839576
e,uː,1000,0.714228193615903,0.281583925747277,0.36450782166865,0.178640228781507,0.694538403521961,500,0.41742203963570057,0.5220278786240582,0.6106919613882347,0.4134764251267556,0.44000000000000006,0.8116081096105189
e,ʉː,1000,0.765116167299569,0.201804827857997,0.356394504906909,0.127602773479569,0.700196334850967,500,0.44318696089801135,0.5328455306302318,0.6203179215428323,0.4068335472060339,0.44200000000000006,0.980855466887446
e,ʊ,1000,0.843455839740224,0.287096291808143,0.567167778655974,0.0879045260690823,0.567129402235313,500,0.4157626632834889,0.43169084217484077,0.48097410745492514,0.2939448698793595,0.40800000000000003,0.9822725536379832
ej,ə,1000,0.912785772525643,0.393860476322232,0.502862302684441,0.0338035314574794,0.604797067593408,500,0.2996440334300167,0.380950252897147,0.4311582746272272,0.33457796282850594,0.332,0.8464223626375346
ej,əw,1000,0.959738493405684,0.57086630803666,0.928226404821766,0.0092153285615094,0.395254109858847,500,0.08088107347393368,0.1320970128787611,0.18782103768803904,0.18416071045729773,0.202,0.7937192813316648
ej,ɛ,1000,0.804271471399512,0.271791905269043,0.347504044453752,0.0795840494593022,0.706449156722843,500,0.4420751617750698,0.5476529568125467,0.597584439751483,0.42173552280667154,0.394,0.8517351761587995
ej,ɛː,845,0.853503445503949,0.263234887769358,0.355151985670139,0.0531486484880981,0.701066882990941,345,0.4705591313700165,0.541895654452286,0.5705752403377404,0.402849010178999,0.33333333333333337,0.9084344114838735
ej,ɚ,1000,0.937426722658214,0.565585476229747,0.961782601638657,0.020303535252576,0.382210948481171,500,0.105141533434831,0.14839952983565138,0.18348532611873608,0.17697922616608017,0.212,0.6606163764470747
ej,ɝ,1000,0.971551322881164,0.694922748563799,1.42221039652934,0.0078472350871867,0.241180323127719,500,0.055973789907021954,0.09306728954194893,0.1244167060170315,0.09780830696626805,0.15600000000000003,0.5603032015483806
ej,i,1000,0.841986641118054,0.281165933734213,0.349060456419086,0.0579626547617577,0.705350486016323,500,0.30707781992647387,0.4142929656918054,0.48704412043052436,0.4106821856976292,0.42800000000000005,0.8360252697085521
ej,iː,1000,0.863026046919937,0.383797673690647,0.446857812462399,0.0542459714618592,0.639634849913537,500,0.28867075096609474,0.38961806588737696,0.4282704618886989,0.3575106828806056,0.368,0.8125587239292853
ej,ɪ,1000,0.786568468261249,0.140284487673549,0.195155808450118,0.0666621376079636,0.822706463450404,500,0.516643325630773,0.644222035309689,0.7066580734782559,0.5401212473050386,0.4680000000000001,0.9274015190557338
ej,o,1000,0.959745631696944,0.641315461933369,1.35052740040014,0.0144363129541957,0.25910357327635,500,0.0816195560335332,0.12907372485800692,0.16610111175159256,0.10706834698160353,0.124,0.6739007915009851
ej,ow,1000,0.979721879604817,0.732871536146096,1.65459472363321,0.0064867676459272,0.191169516494976,500,0.036756318786389006,0.0699060279699037,0.10738529356944743,0.07044151626052068,0.088,0.6380519936633567
ej,ɔ,1000,0.948832877512237,0.595366893987753,1.04996733723747,0.0198602077302045,0.349949179231423,500,0.10434002124559218,0.14061147350377923,0.16836050152184123,0.15615506201099144,0.186,0.7482940516681263
ej,u,783,0.943621059446547,0.521116871368169,1.1485013036174,0.0184977274919904,0.317111667535106,283,0.17897634840742477,0.2176883470715904,0.27486656074599664,0.12998072690085688,0.17667844522968196,0.7408930376076142
ej,uː,1000,0.92124226111794,0.58088347244835,1.17890360078097,0.0250557680903106,0.307615823526216,500,0.1228784468756163,0.18159608272403893,0.22386951684247489,0.12371346183121827,0.21800000000000003,0.7689636353309924
ej,ʉː,1000,0.908782504713384,0.413159557570035,0.521193762084025,0.0445223754022032,0.593811255329417,500,0.24387189617887464,0.3482157113078094,0.4096694478747687,0.31210183074093983,0.36000000000000004,0.8101587873850853
ej,ʊ,1000,0.914785547190259,0.389919239709066,0.556620668500798,0.0400579009337619,0.573142633877867,500,0.33587383488355815,0.44104365669589507,0.4810620875421887,0.30689132091245785,0.34199999999999997,0.8605810235525968
ə,əw,1000,0.856676499555889,0.244508722492102,0.279293670298483,0.048070154895029,0.756317762535512,500,0.44849621983415955,0.5043125705513766,0.5619785553834646,0.46510695756054826,0.364,0.8804439015778135
ə,ɛ,1000,0.868143357533633,0.201951217823663,0.231780037333258,0.0533598995767034,0.79312056103474,500,0.5057591817517222,0.6155702490386161,0.6790502255490447,0.5178139585354622,0.404,0.8517341976964421
ə,ɛː,845,0.850183184310653,0.151658542632368,0.209141450968164,0.0567298920590249,0.811280471118734,345,0.5557018406048221,0.675246815437518,0.7272294366421752,0.522426210295877,0.3826086956521739,0.8678428877773632
ə,ɚ,1000,0.875284645487585,0.286549997529657,0.385748214668276,0.0592555412974759,0.679941703476751,500,0.3273968255185147,0.39358760328058906,0.4671124545520851,0.3926471061378194,0.41200000000000003,0.8408063753838578
ə,ɝ,1000,0.893330332931519,0.446579949034277,0.562973885008,0.048467764361042,0.569512877159573,500,0.3066024486435831,0.4274405584109318,0.4732982630859976,0.3027304248758931,0.3,0.752189437705659
ə,i,1000,0.870101646860008,0.370266809242231,0.497180884849458,0.0510394254150326,0.608242951925133,500,0.33279643536555703,0.40478229804482163,0.4445050467851531,0.3363980557678789,0.32600000000000007,0.7837336734050004
ə,iː,1000,0.910136365465386,0.503629781277096,0.724629400686237,0.021962444704972,0.484504092571866,500,0.16384682226170785,0.2196062747868323,0.2632475121428319,0.23743545137469801,0.20400000000000001,0.8221259090584112
ə,ɪ,1000,0.843014942894814,0.164425440993334,0.213879197178985,0.0594119449155286,0.807445920876319,500,0.5755634352022792,0.6356139810072234,0.6739701660856803,0.5298403534145731,0.48000000000000004,0.8642908159353974
ə,o,1000,0.841066143478618,0.323747332579515,0.514904459805896,0.0866818565203996,0.597557682668083,500,0.40239110298199204,0.477703246879426,0.5025599080858694,0.3176768928959748,0.33,0.861181542929592
ə,ow,1000,0.897176125043745,0.438523426511264,0.577546621134256,0.0334689359114241,0.561273695796883,500,0.21826225491699336,0.3461711907960316,0.4185968819890852,0.29272068020184194,0.29000000000000004,0.8273632047468441
ə,ɔ,1000,0.85613071437748,0.282575271456196,0.353647040050504,0.0517956609393197,0.702122744833615,500,0.39983168996017077,0.46669873202274126,0.48654328150328285,0.4156306340848825,0.37400000000000005,0.8757086515126793
ə,u,783,0.848383063555392,0.227430292673515,0.565525448219865,0.0591516545376145,0.568061581377378,283,0.3519958115981001,0.38102094325828273,0.43675573536229173,0.2766440886740822,0.28621908127208484,0.8890026911249871
ə,uː,1000,0.803517291515346,0.340409726811431,0.646437919187444,0.0688167867475011,0.523908661909659,500,0.3868016087709627,0.43025173138731554,0.47520715427166316,0.26236568141593636,0.35200000000000004,0.837053413160198
ə,ʉː,1000,0.85922949638304,0.303960847190545,0.320218840906836,0.0403070946151614,0.725990143346777,500,0.4036681674878314,0.4543466832403704,0.5031254841007547,0.43534244010124656,0.398,0.7811186699781024
ə,ʊ,1000,0.844964031715967,0.0780622980179468,0.175810643737815,0.066054993065293,0.838776795939406,500,0.6705793310680264,0.7543863199651013,0.8028395257951573,0.5716666369631557,0.43600000000000005,0.9162685118036579
əw,ɛ,1000,0.896571451382462,0.338898933760534,0.411912545455373,0.0281632726638951,0.66238220185298,500,0.241839927272202,0.31948586506540033,0.38524494871370013,0.3773530313439548,0.30200000000000005,0.8338537135315655
əw,ɛː,845,0.904927668794777,0.320899164384621,0.404696252865914,0.0269808970150155,0.667179433924805,345,0.30000306051498105,0.3859339579374421,0.45505548455410866,0.36762068865996317,0.2608695652173913,0.9521080289723742
əw,ɚ,1000,0.916246237061053,0.51103926629619,0.850481215479934,0.0262659298016121,0.427209302747064,500,0.15134076306181357,0.19764220679893282,0.2454679941198151,0.2011246156168091,0.26,0.7403444407610297
əw,ɝ,1000,0.926492127748026,0.554974853315769,0.878924533222588,0.0351935346705508,0.415229236883877,500,0.1850437041322598,0.2542670795301436,0.30942325309022917,0.19185784263603833,0.256,0.812353679866322
əw,i,1000,0.955938475614991,0.586697389479429,1.0226699954172,0.0198325462926994,0.359633437510406,500,0.10780493794023684,0.15352982897618456,0.19994203587253834,0.15862757712337885,0.186,0.7241454833737905
əw,iː,1000,0.967048385870744,0.656280303007203,1.25705800932095,0.0040741637355631,0.28448976276316,500,0.04779894704693405,0.07979175814357325,0.11445889057224706,0.11567317665438125,0.136,0.7650106002893541
əw,ɪ,1000,0.941950237661963,0.45497915868983,0.622808359221835,0.0185693464694482,0.536435815740096,500,0.20135439835482785,0.2694209246322065,0.3314967798363999,0.2775918098440693,0.262,0.8084704995984903
əw,o,1000,0.745411381157215,0.225009775193545,0.465283719513336,0.109277091681529,0.627956916282318,500,0.5113489869352396,0.6108470735052205,0.6412206522657096,0.34264802234441083,0.44600000000000006,0.9190145236993732
əw,ow,1000,0.743784793307835,0.125991730334397,0.214964317472103,0.117886380505027,0.806570220128234,500,0.5171356339504695,0.7012624664237621,0.7680779386477142,0.5232744117567537,0.42600000000000005,0.9256589045860034
əw,ɔ,1000,0.807549353676952,0.192815099982485,0.317734904032644,0.0689679009973374,0.727795698548361,500,0.5558956568079184,0.6775194844270342,0.6982604355039321,0.43943284427671553,0.41800000000000004,0.9496699214328406
əw,u,783,0.909273904554334,0.416915519587678,0.879949187575712,0.0306690567287463,0.414803988342351,283,0.1693228676940814,0.19885067819258126,0.24033586010105512,0.1749010613235604,0.1872791519434629,0.7495527785508648
əw,uː,1000,0.884504163575107,0.54743075593841,1.0897802789426,0.0507904773622864,0.336290375666659,500,0.24206992651662698,0.2668040115472907,0.29362863797822275,0.13960156702319806,0.192,0.8388450702626606
əw,ʉː,1000,0.919418473602619,0.524749865654887,0.748416645452136,0.0338101378803725,0.473115068897408,500,0.13495913641716006,0.18505248918109193,0.23922388351787807,0.23340356644915486,0.24000000000000002,0.7207736842922025
əw,ʊ,1000,0.835364751014912,0.307778792572812,0.386256995525283,0.0527502179713873,0.679595850143379,500,0.4581475616495334,0.5161840758412237,0.5558179564841065,0.3963908634122659,0.374,0.8727316147698422
ɛ,ɛː,845,0.807030774098479,0.0470945960512442,0.109637001608983,0.0659122149561348,0.896159380674462,345,0.6258368222487329,0.7515633565929176,0.8033714193592355,0.6300746651991206,0.3449275362318841,0.9525881648450059
ɛ,ɚ,1000,0.883318308316321,0.416891452812373,0.562856164899029,0.040606417601226,0.569579924223849,500,0.2682756034266004,0.33264250398629136,0.38784038996132775,0.296969241025123,0.30000000000000004,0.785265031147471
ɛ,ɝ,1000,0.934046191243458,0.5101845442525,0.674097581216188,0.0256881193629631,0.509616100306006,500,0.21120222661966054,0.3031161714977623,0.3536467477474203,0.2583184833670723,0.28200000000000003,0.7284038587234216
ɛ,i,1000,0.890864477682433,0.47575374853383,0.656425575468168,0.0399185892676719,0.518702086296831,500,0.22121149501057488,0.30298834430066063,0.3579692844048351,0.25526849808938357,0.264,0.6353499281982423
ɛ,iː,1000,0.943742806450571,0.584285377590344,0.917725977843948,0.0206164925452305,0.399426313401252,500,0.11465574487248598,0.16814430109931197,0.21230366926635189,0.18047064533836152,0.198,0.6891370855663622
ɛ,ɪ,1000,0.814362214600305,0.256522325864482,0.269387426681249,0.0749267695023235,0.763847263503994,500,0.5705083801110575,0.6294706804292725,0.6646131218760125,0.47888289867661044,0.448,0.8839480130337909
ɛ,o,1000,0.895440097837102,0.484229513790446,0.842884010217231,0.0495571554248933,0.430467259523267,500,0.2419664556756174,0.29204672346006566,0.3263718957517344,0.19885821694281072,0.19999999999999998,0.8745979522581534
ɛ,ow,1000,0.906142284320521,0.517806622983558,0.792434610432682,0.028377547404651,0.452741203961527,500,0.1417160175024648,0.23486550500915448,0.28821366379174995,0.223236748227747,0.21400000000000002,0.7844055536955308
ɛ,ɔ,1000,0.867836054308032,0.390947492597228,0.543084494011149,0.0371916298909037,0.580953538195027,500,0.2713823149210876,0.33019548526927434,0.36013414484852413,0.3125468188789849,0.28200000000000003,0.8255491518690892
ɛ,u,783,0.903242952555943,0.465366749625774,0.985132648609136,0.0238337769383726,0.373389694027919,283,0.2373987796344536,0.24354257949567581,0.26722319680286566,0.14762074058589136,0.17314487632508835,0.6626517457387056
ɛ,uː,1000,0.879449090840735,0.575509754594031,1.14780668040334,0.0488794735959633,0.317332017181954,500,0.219361685949647,0.26935641901457663,0.30064022804501883,0.1313114727975655,0.192,0.7308519094283922
ɛ,ʉː,1000,0.905784961878589,0.515648312752865,0.666051541094304,0.032194557498596,0.513733032184966,500,0.24133670519425454,0.2918884806539093,0.34147057375142265,0.2537896973259288,0.274,0.6410844588282028
ɛ,ʊ,1000,0.841947362975826,0.318828708702475,0.384396781510807,0.0452663082319448,0.680861220432878,500,0.4817205220253684,0.5697242503940998,0.6044586739516766,0.39339044085316593,0.34400000000000003,0.8724448532167919
ɛː,ɚ,845,0.897594222927934,0.372656669497732,0.547809582486508,0.0391185254221811,0.578214956442756,345,0.308998422077709,0.36937596009539386,0.3878203203608809,0.29102946898203336,0.2434782608695652,0.8046443763870756
ɛː,ɝ,845,0.891827563231921,0.491587172274354,0.682005877944321,0.0437060738473867,0.505601799031734,345,0.27208648873956126,0.3464447605880965,0.37439634095123897,0.2190670226178621,0.19710144927536233,0.7411342618318051
ɛː,i,845,0.896615516614914,0.404817686252762,0.539749141917323,0.0385702207444552,0.582894457820906,345,0.2862673114187184,0.3478174338254534,0.38883284575308164,0.29931468957874485,0.28405797101449276,0.7987786217520422
ɛː,iː,845,0.930988078607203,0.506456039686511,0.731191309605108,0.0201552367120453,0.48133522911286,345,0.1742148794114966,0.22878826493984172,0.27801199928199893,0.23399463756524164,0.19130434782608696,0.7128781298761437
ɛː,ɪ,845,0.881147895075973,0.188467650168037,0.206347784085459,0.053951578508043,0.813550087303153,345,0.5403520296698673,0.6333580927194717,0.6683927124155267,0.5250477527963041,0.32463768115942027,0.9540153551005862
ɛː,o,845,0.912476555765818,0.459761433018305,0.82876024550236,0.0459477642215578,0.436590215625931,345,0.26024894044128194,0.3145189993385951,0.36365475683589943,0.21591870642352823,0.2202898550724638,0.7602727361136531
ɛː,ow,845,0.945972880318751,0.544060523069585,0.88375288814784,0.0162725549536458,0.413229195094255,345,0.1802868924369218,0.27786319423816486,0.33062313312195835,0.17854413003744907,0.19130434782608696,0.5906865898120107
ɛː,ɔ,845,0.890682820621363,0.37571549823077,0.559302862445075,0.0372272184161372,0.571607413975221,345,0.2837703395925506,0.3588397931999284,0.39446971330537234,0.28423143131441864,0.2434782608695652,0.7348930893035781
ɛː,u,628,0.856586535931213,0.401423500631757,0.840252913856418,0.0375810885769402,0.431601351661851,283,0.21899833388341036,0.2454489180895158,0.3262524512298164,0.19662779435607414,0.19081272084805653,0.8134860427417664
ɛː,uː,845,0.881727863586871,0.492515859895059,0.935989074103049,0.0468986151263388,0.392197760982417,345,0.26957079521276944,0.3171472429857055,0.33077055745286493,0.16458250905601207,0.21159420289855074,0.7939499585129546
ɛː,ʉː,845,0.901308952762,0.421706772528858,0.502788665072327,0.0309226514727459,0.604841605045075,345,0.2510029733516193,0.3272092329013244,0.37694728295692037,0.32649393105222635,0.26956521739130435,0.6680873604824104
ɛː,ʊ,845,0.899839402740423,0.239364251130512,0.311795463576321,0.0598057822509977,0.732131260424617,345,0.4370486744503841,0.5559758237430232,0.6190809047139572,0.43702566936997156,0.34782608695652173,0.941658661116987
ɚ,ɝ,1000,0.71857357370881,0.153386762474561,0.208403722913072,0.137818554400084,0.811879196303856,500,0.5119838961065216,0.6622731071819753,0.6982953014620927,0.5348729853501627,0.41800000000000004,0.9325227093705017
ɚ,i,1000,0.913920681790317,0.547539401982559,0.88452856155616,0.0307945768971253,0.41290878847759,500,0.11349532875117403,0.150800181396872,0.18969725834761242,0.19899666795477305,0.21400000000000002,0.6936416026355516
ɚ,iː,1000,0.961109394988174,0.639182177050173,1.24225130796491,0.0090685779869683,0.288733457749941,500,0.03622564655334639,0.057753551489158485,0.0821476528360608,0.12106859932857765,0.14400000000000002,0.6906464476625743
ɚ,ɪ,1000,0.874024348325878,0.40747902386327,0.562005673067005,0.0523911049107683,0.570064553354432,500,0.2501716135348898,0.31103589782926067,0.34782284034851424,0.2978612036218478,0.28800000000000003,0.7711331049440533
ɚ,o,1000,0.902440172251894,0.575361341271901,0.996051449129359,0.0341569842328695,0.369334903451582,500,0.10966510214388109,0.15495379917170954,0.1978408276918762,0.16971167391808997,0.186,0.6933070615444088
ɚ,ow,1000,0.946845028738991,0.620575149053487,1.14978003891921,0.0143820010327265,0.316706424805525,500,0.04972205767357671,0.10044061493698134,0.15338808186402053,0.1342101998097219,0.17200000000000001,0.7102448960674924
ɚ,ɔ,1000,0.919085864736549,0.526897123949857,0.799992312407097,0.0374385828150964,0.449332418388655,500,0.13954390051113147,0.18254414454691265,0.22987991640852748,0.21328285216843323,0.20800000000000002,0.7629282044814831
ɚ,u,783,0.908685361696726,0.482820157054085,0.937004315518123,0.0245057274452964,0.391799787626268,283,0.08348140527782907,0.153798748781262,0.22609667734787842,0.17199509787516423,0.17667844522968199,0.7144177186447207
ɚ,uː,1000,0.896311705923442,0.556453090999671,0.949776258591813,0.03539974600528,0.386827563116584,500,0.15079469393577494,0.18013917729078271,0.22432516793574106,0.17158711073384433,0.20400000000000001,0.7364212767093246
ɚ,ʉː,1000,0.897403661913999,0.512010617733117,0.699868999226875,0.041154297444115,0.496650361111315,500,0.1708404597466022,0.21522931864153472,0.25620220234086316,0.2405403502043005,0.234,0.6797751579895525
ɚ,ʊ,1000,0.852979866367379,0.317755494274594,0.448069837301434,0.0655253181461057,0.638860066210922,500,0.31342340667476665,0.37828656823836415,0.4361797183459238,0.37151724126653696,0.37200000000000005,0.8138361909534749
ɝ,i,1000,0.968923052076275,0.699423231009733,1.43473803808019,0.0117157580298575,0.238177749343515,500,0.05155553697238221,0.09453323213084418,0.1213302919038931,0.09534629934572306,0.124,0.4696867336604487
ɝ,iː,1000,0.988400714932159,0.759391032344343,1.8928468439448,0.0037556426284537,0.150642342573921,500,0.0170820578773402,0.033835533030389484,0.04882300876554932,0.05562361473936205,0.076,0.5720456419650728
ɝ,ɪ,1000,0.927388176954982,0.584718300012762,0.892713483860826,0.0211606357464156,0.409542955456441,500,0.18275016991274073,0.2663711926039073,0.2920910230755905,0.18884472657361107,0.20600000000000002,0.6560616360960734
ɝ,o,1000,0.913213878634996,0.642914894473366,1.27350670145943,0.0207273003413402,0.279848553790805,500,0.12127618999760344,0.1878376963691673,0.21962321426783432,0.11621077742728078,0.15600000000000003,0.6456154924104204
ɝ,ow,1000,0.93751644248805,0.607440615814328,1.04351738444642,0.0141151224049836,0.352213629866132,500,0.06259585425398775,0.15061656219289013,0.21980934834411875,0.16280621600025522,0.17800000000000002,0.6960177035992788
ɝ,ɔ,1000,0.930244605660078,0.592251195744934,0.976036441889001,0.0304915841212121,0.376801618129976,500,0.1487612169931228,0.24083353238915756,0.28314320743298305,0.16854686750195752,0.16,0.8252136384108283
ɝ,u,783,0.966745042187741,0.646446999123859,1.51449482048617,0.0082911270248679,0.219919255492664,283,0.057528779259775495,0.10963774391915204,0.16057793212984015,0.07140666579700987,0.12367491166077738,0.5701619139890312
ɝ,uː,1000,0.973797238876407,0.712368593238979,1.65688443495635,0.0116495347345511,0.19073229423582,500,0.08039429970781307,0.127713665490777,0.16018526670520092,0.07186460697880531,0.112,0.6112890213096455
ɝ,ʉː,1000,0.956222682798179,0.668118629654834,1.18416783603149,0.0204801804318883,0.306000716346308,500,0.0979239678500543,0.1467958719023743,0.18882201014263666,0.12729482440913287,0.14400000000000002,0.5078546515768054
ɝ,ʊ,1000,0.888011522753209,0.513788529729235,0.727453017168278,0.0388571307521235,0.48313796844342,500,0.2490189978207768,0.35246406663518837,0.4034748503335756,0.23476420218798086,0.276,0.676654147313672
i,iː,1000,0.743172772590763,0.0960004708449265,0.123601433648156,0.133449427303556,0.88373199653726,500,0.5603034423691953,0.6775172895951371,0.7165642606676682,0.628887451311495,0.462,0.9666278058336459
i,ɪ,1000,0.832740134047273,0.155948251721195,0.223482042849611,0.0802471208193882,0.799729252597117,500,0.4535459430948353,0.5582385472406257,0.6230462324093118,0.5238185528194927,0.452,0.8511047793518657
i,o,1000,0.913513926941379,0.58580439239095,1.09809432863899,0.0238301561147876,0.33350603139786,500,0.13240124176760829,0.19856828535148313,0.24646553079001335,0.15393541752598777,0.17800000000000002,0.7737173786422037
i,ow,1000,0.972907368227833,0.727254483777225,1.63585802575487,0.0082173893033846,0.194785168885881,500,0.03088161227697311,0.06857301776068549,0.10416506548474481,0.07738538038413913,0.07999999999999999,0.5012190409485928
i,ɔ,1000,0.936427508197823,0.559064258878723,0.927361180696136,0.0210941241326759,0.39559624123927,500,0.13650242062710963,0.17122370930994674,0.20137568198733924,0.19303244042204296,0.176,0.7745187106426769
i,u,783,0.779017344808357,0.282030889957574,0.630953139030184,0.0997184055241568,0.532084408820263,283,0.563104363261393,0.6040539637345677,0.5556498884701706,0.23946234110919076,0.3003533568904594,0.7996878378023208
i,uː,1000,0.724300100337592,0.296693179988033,0.54727241105671,0.147527109269958,0.57852564043545,500,0.538298407013677,0.5551455402148111,0.5354573838780539,0.3024797039934084,0.47800000000000004,0.9198437220295312
i,ʉː,1000,0.752438833497111,0.111282615644315,0.184244564750398,0.127496693298278,0.831732366532271,500,0.6569403950325362,0.7282521151917541,0.7584667517286683,0.5663784109420128,0.502,0.8725821988801334
i,ʊ,1000,0.837996203507183,0.311104849522136,0.443297456214149,0.0728692134969706,0.641916236712968,500,0.3727502560167318,0.43641940714695515,0.491555345167387,0.364353488106482,0.406,0.7862134584448268
iː,ɪ,1000,0.879208268546898,0.316626800616889,0.381666599561904,0.0453013727444986,0.682722635291003,500,0.33578684899040284,0.4205484940860124,0.4804143522844011,0.39791472757067736,0.35400000000000004,0.8143170015232781
iː,o,1000,0.947776527585764,0.672227882118514,1.49440115227931,0.0111350155029522,0.224382935714234,500,0.06557484909658626,0.1009721114797182,0.1266522217263102,0.08664045817370783,0.13,0.8564336378973206
iː,ow,1000,0.982604568063435,0.774341355625292,2.01428015401448,0.00460117465851,0.133416408073256,500,0.02145758534803085,0.043489294920918416,0.06526397278912793,0.045526604661101144,0.038,0.6677676588433755
iː,ɔ,1000,0.970156192463315,0.654662930539458,1.28977971855187,0.0122103915708776,0.275331426815578,500,0.04904304885733063,0.07842758816029219,0.10430849526670949,0.11471973129661663,0.096,0.8158557508991688
iː,u,783,0.89085623616789,0.441780291193355,0.980510596944283,0.0509106796376068,0.37511951506638,283,0.3771102398589349,0.43153323712546454,0.467078346536283,0.16039191176185813,0.23674911660777384,0.6836301018592327
iː,uː,1000,0.854619856201401,0.435640150350168,0.826354554637706,0.0728743792740769,0.437641781082818,500,0.25170339735522596,0.2871997492918929,0.3217798713075074,0.2000530638877394,0.30400000000000005,0.9058775420915913
iː,ʉː,1000,0.7918250145462,0.165774905617822,0.253572820406452,0.0840113272413443,0.776023232540325,500,0.4276013786015496,0.557442052344476,0.617220999137692,0.497957245126236,0.42600000000000005,0.8750421325703186
iː,ʊ,1000,0.910120258793597,0.429850924970584,0.579696723622646,0.0364813203989316,0.560068196265067,500,0.22374174614091147,0.27631754905905037,0.32758447449309586,0.29711748940702265,0.278,0.7526990380283114
ɪ,o,1000,0.879524426551147,0.509612767557678,0.895557741072851,0.031169089426095,0.408379764942419,500,0.24706067716813837,0.32050230919101874,0.34872550685556347,0.18785454908513083,0.21600000000000003,0.7949122861987273
ɪ,ow,1000,0.945682855691512,0.647445201615422,1.20353939942002,0.0153337732961678,0.300130049651818,500,0.10264207893655543,0.18340355995419266,0.23148411184324064,0.12920444243727924,0.168,0.797935822361895
ɪ,ɔ,1000,0.90853484691202,0.475144845955165,0.709419802983628,0.0244786188602025,0.491929530724198,500,0.20419515723019832,0.25903308672743086,0.2846048432237168,0.25497224854599154,0.266,0.8056874930937586
ɪ,u,783,0.851831954653892,0.28835849947492,0.681273279615558,0.0459572624268186,0.505972337776184,283,0.37873619281342946,0.42015223665520673,0.4643559188263485,0.24513420936716765,0.303886925795053,0.8096263352625045
ɪ,uː,1000,0.845606774358528,0.360266204172224,0.694405922184341,0.055477824505382,0.499371025129275,500,0.37168165242945234,0.4150312578600366,0.4379412985307517,0.24161259159022702,0.34600000000000003,0.8303716826432649
ɪ,ʉː,1000,0.813703616314347,0.20856802976084,0.217179219929246,0.0714538401400906,0.80478572273917,500,0.4448058830643872,0.5620111985971533,0.60990934726601,0.517505884799437,0.42600000000000005,0.9006636205957246
ɪ,ʊ,1000,0.847103222414747,0.137742801566613,0.2236804281015,0.0656888727750909,0.799570613844212,500,0.5605816642353607,0.6532790648139373,0.6826222478050021,0.5296192250131818,0.47200000000000003,0.9565908140963969
o,ow,1000,0.767572001093244,0.250139223021244,0.373697658913432,0.119454193381228,0.688184946963235,500,0.3165974534051633,0.48812942131944953,0.590274471626198,0.3979801629961144,0.454,0.7383358899238407
o,ɔ,1000,0.740300242378778,0.0990939823703973,0.164350136785221,0.11144933165564,0.848444898097202,500,0.5456616397600567,0.6407175884520693,0.6928684574346922,0.574030902462157,0.514,0.9051105909382098
o,u,783,0.829118505829882,0.340250005089556,0.427203331540401,0.077419896479469,0.65233089929549,283,0.13024883625010816,0.19618463872459083,0.27438546326663554,0.3658181104605208,0.2579505300353357,0.7549769488288995
o,uː,1000,0.836709021995777,0.477467548245925,0.609467437495323,0.0795420955815215,0.543640314441286,500,0.2502233040492766,0.3051220091954704,0.336447231968277,0.27989490603775596,0.264,0.7450851760648038
o,ʉː,1000,0.907197770817909,0.518618318427863,0.82598298783759,0.0450689831428721,0.43780442445358,500,0.1936115738559273,0.27333366141454096,0.3202816553228868,0.20951258973242734,0.23,0.7481780929365134
o,ʊ,1000,0.77709509838466,0.338510529839609,0.61055283792402,0.0710341790979054,0.543050567124828,500,0.47733013794832363,0.506405395595198,0.5265784008366851,0.280420728441991,0.30800000000000005,0.7960775712079942
ow,ɔ,1000,0.789494693294433,0.224949927070406,0.34028672548404,0.0835362320251233,0.711566269327349,500,0.3154803299554037,0.5533086655357083,0.6647758063879237,0.43298548714369245,0.428,0.7611922928915241
ow,u,783,0.947510440972964,0.583103553497981,1.07184450539415,0.0234478664276246,0.342376419491318,283,0.029793749111939296,0.08107505110548399,0.14297083455076393,0.15248142013511018,0.1519434628975265,0.5640222390062968
ow,uː,1000,0.94049460948918,0.685940945494028,1.45092281841534,0.0246626084334362,0.234353922160841,500,0.056287255172681516,0.10722461602943184,0.14962836161676404,0.09017920083242097,0.138,0.5764243943601561
ow,ʉː,1000,0.963070616429966,0.66889770147196,1.26863679231135,0.0165315071392672,0.281214714662661,500,0.05952197497628749,0.11071176014127192,0.15606539242576398,0.1133923420896263,0.138,0.6381500843707891
ow,ʊ,1000,0.889410680908512,0.4875548475389,0.723596742026827,0.0650716185694213,0.48500467834121,500,0.26189422704565635,0.38441716022296246,0.45193305952387053,0.23925893282378619,0.29000000000000004,0.7785894359377277
ɔ,u,783,0.862038277418588,0.337001665013469,0.506752099212441,0.0640547220784264,0.60244909957915,283,0.21230699628381705,0.21691800271829648,0.28318124434771863,0.33812979443270963,0.1872791519434629,0.8140539934056942
ɔ,uː,1000,0.826288345252652,0.483585664544286,0.68966418136944,0.0427504746491282,0.501744535940265,500,0.2103935353496325,0.24728996024986838,0.27136173744287806,0.2486531531116421,0.258,0.7536263083278286
ɔ,ʉː,1000,0.924624752561389,0.530752936963609,0.760448374309047,0.0340040746934302,0.467456784401526,500,0.1470048728719498,0.19041994967960427,0.22911516556710962,0.22964346426154067,0.21200000000000002,0.6981057982009733
ɔ,ʊ,1000,0.846313380502608,0.364996039351752,0.517746225631533,0.068771534894928,0.595861974210962,500,0.42890080499269123,0.47426100641745267,0.47367523055979976,0.32199361970411416,0.34,0.7965724461413846
u,uː,783,0.645142751929326,0.0447825138505623,0.157941819827746,0.198605943013477,0.853899460541015,283,0.6496213303800771,0.7434671938310509,0.8412709301634469,0.5804349044384846,0.40989399293286216,0.8588976520743925
u,ʉː,783,0.767221767889343,0.211059837703211,0.497475265237179,0.0779894241600207,0.608063923481641,283,0.492525876662859,0.5678537794085746,0.6024448612926484,0.3132605658988585,0.31802120141342755,0.874458315209205
u,ʊ,783,0.816841439421774,0.231007195720544,0.590056092274187,0.0727280129413637,0.554296192128498,283,0.30534635877761934,0.40125283887243357,0.46693495831025755,0.2694720380968377,0.2402826855123675,0.7340515738796767
uː,ʉː,1000,0.747677187271113,0.188016039515537,0.405288645740794,0.139067349817794,0.66678431862518,500,0.5353911871049756,0.5854368011155522,0.5693554982070279,0.3740681763509282,0.42,0.8981108388823703
uː,ʊ,1000,0.797866970992818,0.296320528576212,0.629583993781419,0.109681491832217,0.532813408599954,500,0.4386514876444909,0.46027220583060613,0.4910380695188157,0.2624129209405078,0.34400000000000003,0.8766964884608435
ʉː,ʊ,1000,0.832881774882921,0.196626241809134,0.226951131515691,0.0845375001741769,0.796959727552475,500,0.44495924117140473,0.510176009845987,0.5534188435499166,0.5123742190264052,0.42200000000000004,0.8577662971227739
