"v1","v2","n_tokens","jsd","pillai","bhatt_dist","overlap_kde","bhatt_affinity"
"a","æ",1000,0.791788461985354,0.153785436835487,0.17635756253641,0.07185093322391,0.838318178566545
"a","aj",1000,0.819578001650552,0.0868639138783485,0.107930738816365,0.0705550759204256,0.897689769333287
"a","aw",1000,0.836444631393361,0.243232322072412,0.256059849618173,0.0604537616140536,0.774095638077456
"a","ɐ",1000,0.867782414616513,0.199905420495903,0.217835063556035,0.0497100447163362,0.804258082195737
"a","ɑ",1000,0.883907401034797,0.377296984880279,0.431925000456819,0.050656349563148,0.649258068917752
"a","ɑː",1000,0.915269477360937,0.453707875933131,0.594287236497097,0.0326291846560231,0.551955839673306
"a","ɒ",1000,0.936249128796427,0.495301882471221,0.648749938243113,0.0254668975183605,0.522698774280468
"a","ɒː",939,0.951304067220553,0.560386670872192,0.82833518103251,0.0234037019669158,0.436775834061584
"a","e",1000,0.853723620737969,0.487831736932733,0.737438197501665,0.0520578604286332,0.478337754088837
"a","ej",1000,0.913662425081864,0.452670641939445,0.61216066995629,0.0366761423129412,0.542178134578305
"a","ə",1000,0.85106435106816,0.247659263962028,0.291949811116602,0.0534732428186835,0.746806016392877
"a","əw",1000,0.882941445746571,0.338070338462609,0.430433456793885,0.0364844301720727,0.650227188238279
"a","ɛ",1000,0.835891159843187,0.109861979521923,0.169319376456547,0.0805813852684327,0.844239230190875
"a","ɛː",845,0.835923496224732,0.149295848019957,0.204337899195712,0.0505501617452102,0.815186873655754
"a","ɚ",1000,0.896813932060449,0.466997564051782,0.691747013933965,0.0425357128715894,0.500700573658464
"a","ɝ",1000,0.932133365486064,0.542940903516095,0.809763800514646,0.0255517798004761,0.444963153879575
"a","i",1000,0.925650772211574,0.550833214656088,0.844965528761306,0.0314396476506907,0.429572165840184
"a","iː",1000,0.968583394005968,0.655246583428003,1.21110366593772,0.00894618857955127,0.297868350796912
"a","ɪ",1000,0.898907777045173,0.390387977551943,0.472956368689475,0.0393202127837013,0.623157259752423
"a","o",1000,0.858590998575236,0.452123605829267,0.711301343229878,0.0476280866923113,0.491004815730866
"a","ow",1000,0.898500611306019,0.502428451718205,0.756561786898338,0.0427822837676742,0.469277131231922
"a","ɔ",1000,0.839272870763168,0.311999831998417,0.396194511546058,0.0579637540619313,0.672875801095144
"a","u",783,0.876263100657715,0.443105782831732,0.855175158270286,0.040142705888165,0.425208705737695
"a","uː",1000,0.903252209899164,0.564655756657195,1.02328899893517,0.0515437292216774,0.359410892032728
"a","ʉː",1000,0.951113765462185,0.566779099913166,0.8358417031307,0.019683138246804,0.433509441572786
"a","ʊ",1000,0.88286282174644,0.404593566893242,0.562101492579579,0.0412488024481083,0.5700099326637
"æ","aj",1000,0.822445545407521,0.175283573014885,0.212136673528641,0.0717046152221927,0.808854141061983
"æ","aw",1000,0.873647224283902,0.397866116123493,0.481394756022815,0.0364859370620118,0.617920941537268
"æ","ɐ",1000,0.869175448224219,0.41648892271532,0.505866167328921,0.0390129693724765,0.602983064938209
"æ","ɑ",1000,0.923251957355007,0.537892283324676,0.756584470829036,0.0313154387091979,0.469266486302734
"æ","ɑː",1000,0.942861021197011,0.587022397951311,0.919763257697615,0.0176616643784479,0.398613398568608
"æ","ɒ",1000,0.947024884364247,0.621476104771198,1.05046994297215,0.0144012787026673,0.349773336960463
"æ","ɒː",939,0.983975527093229,0.66999687814419,1.26505403526276,0.00617854251384951,0.28222404567803
"æ","e",1000,0.904264236725338,0.52062302769067,0.78542955857331,0.0455262733281736,0.45592381373299
"æ","ej",1000,0.892300666563703,0.439232410678236,0.55792144635572,0.0409492671570376,0.5723975873071
"æ","ə",1000,0.888564115358958,0.410297689545721,0.52444003868973,0.0383238466378867,0.591886705244121
"æ","əw",1000,0.943094516062124,0.502440148861731,0.756831624765637,0.016973601530341,0.469150519574737
"æ","ɛ",1000,0.804640661460998,0.165084694466985,0.245211449121519,0.0941781403002611,0.782539053551261
"æ","ɛː",845,0.828930918887285,0.226472878837173,0.297566530585897,0.0663021254285399,0.742623174422307
"æ","ɚ",1000,0.942538620085923,0.581044851517333,0.957547950089228,0.0172007587888248,0.38383291046449
"æ","ɝ",1000,0.964410152085741,0.638758458628681,1.13609021990099,0.0140303813163037,0.321071891489557
"æ","i",1000,0.920085311111976,0.560780783357437,0.852558022277355,0.0255855130407785,0.426322992229615
"æ","iː",1000,0.967138391869735,0.64155742693709,1.13865710632991,0.00968673989348181,0.320248793260365
"æ","ɪ",1000,0.88586626573389,0.426102631183788,0.533344887206092,0.0361802044840209,0.586639441513413
"æ","o",1000,0.949535246577569,0.616373185914353,1.13300419083776,0.0109866841509853,0.322064259128195
"æ","ow",1000,0.959938815634479,0.659324860312473,1.22406226425622,0.0172335732368036,0.29403329661719
"æ","ɔ",1000,0.916201055191941,0.50990084447552,0.743960506245063,0.0250190044842516,0.475228039855275
"æ","u",783,0.93510288599271,0.55892394838693,1.11702888296035,0.0206437536466738,0.327250651631247
"æ","uː",1000,0.939086339213774,0.639558405409522,1.22554884956748,0.0236855032180798,0.293596515773849
"æ","ʉː",1000,0.947526263046134,0.604702985720324,0.967764608160916,0.0158907249949699,0.379931385073793
"æ","ʊ",1000,0.91115110999369,0.518982385438318,0.814304086570637,0.0220365118037119,0.442947473222612
"aj","aw",1000,0.79426695709839,0.143719617989489,0.181096346952298,0.0759533772036526,0.834354967264886
"aj","ɐ",1000,0.864963149017556,0.200034332861257,0.225416681252552,0.0513822814946552,0.798183561332031
"aj","ɑ",1000,0.866932589024409,0.295879206475078,0.379649370952401,0.0666300605602562,0.684101232929081
"aj","ɑː",1000,0.900312759501361,0.378812457424308,0.480493042189071,0.0315332000386396,0.618478380685938
"aj","ɒ",1000,0.911051487184034,0.468795492493404,0.625132181152445,0.0216686851946596,0.535190681722309
"aj","ɒː",939,0.951160441852701,0.566342997394523,0.88499944067417,0.010181912782911,0.412714404120812
"aj","e",1000,0.943762432646856,0.580472250464895,0.97186077590875,0.0154637439475415,0.378378305396845
"aj","ej",1000,0.945839783025169,0.543127818950525,0.801821906387532,0.0210308869936606,0.448511074093161
"aj","ə",1000,0.900010478652353,0.389271573623698,0.472368833265812,0.0356998400326285,0.623523494294389
"aj","əw",1000,0.89792587278724,0.354743179208346,0.46296673369827,0.0382956179289347,0.629413570421644
"aj","ɛ",1000,0.872791032143688,0.21549135581265,0.271898556361658,0.0598753544212892,0.76193155027815
"aj","ɛː",845,0.859841754274336,0.235338682356266,0.290738596440113,0.0450189753195966,0.747711106819176
"aj","ɚ",1000,0.933369915486103,0.579284745783046,0.9380917285462,0.0141560829087814,0.391373970994041
"aj","ɝ",1000,0.947227363986717,0.607795442528795,0.984550784324103,0.0129730756235385,0.373607019376071
"aj","i",1000,0.96430977837824,0.628818778358903,1.05057037934326,0.0153151440529321,0.349738208759894
"aj","iː",1000,0.975735062937894,0.69200141936957,1.36618044284553,0.00604613558081787,0.255079391555734
"aj","ɪ",1000,0.931727279392691,0.508341097561723,0.67210779308917,0.0302040585260779,0.510631137891701
"aj","o",1000,0.932911674166462,0.497151412452263,0.835810503678327,0.027037056828233,0.433522967040954
"aj","ow",1000,0.925368327551757,0.503356753329836,0.75031453676521,0.0294441698284207,0.472217999457481
"aj","ɔ",1000,0.889083383233179,0.348171225652563,0.462987902251363,0.0611195134993525,0.629400246788083
"aj","u",783,0.95263572739979,0.526995210042939,1.02806054156967,0.0137842752626931,0.357700032603461
"aj","uː",1000,0.943539583113323,0.628876831454542,1.2288221502355,0.0218431518696254,0.292637057257413
"aj","ʉː",1000,0.96190324436907,0.640398008454138,1.05563574356589,0.0139250734162564,0.347971136560382
"aj","ʊ",1000,0.918622598195299,0.512891536579975,0.714448524674132,0.0256379557060293,0.489461963577057
"aw","ɐ",1000,0.81624184914622,0.168243233490556,0.202090012837473,0.0698942668704514,0.817021382219367
"aw","ɑ",1000,0.763727046843387,0.100286405826398,0.196884193526198,0.101812017295067,0.821285738010985
"aw","ɑː",1000,0.825706923526642,0.15664115785113,0.199190428815703,0.0774871491827038,0.819393842276109
"aw","ɒ",1000,0.858518041600103,0.315536654880646,0.373676529408319,0.0453637652828688,0.688199488124214
"aw","ɒː",939,0.912053691554698,0.463991537515682,0.61200761153307,0.0361823433043442,0.542261125859783
"aw","e",1000,0.931863157675016,0.678909824429539,1.36453101984219,0.0188170837995952,0.255500472546713
"aw","ej",1000,0.97561608414869,0.682062173465992,1.30095690057676,0.00599707417415122,0.27227113193734
"aw","ə",1000,0.921186187878235,0.497873553239792,0.608786854083093,0.0260161463837478,0.544010432955489
"aw","əw",1000,0.875129084278519,0.333179680368094,0.365289518262751,0.0469751130131007,0.693995697360869
"aw","ɛ",1000,0.920599906174945,0.412481358859663,0.491196722715229,0.033475939069622,0.611893688772597
"aw","ɛː",845,0.912155159122476,0.44080621140142,0.564416678413661,0.0266623289909465,0.568691780215033
"aw","ɚ",1000,0.963132847612058,0.667511236961149,1.25518529872173,0.0136667547941677,0.285023028928006
"aw","ɝ",1000,0.962213755328052,0.659164802622379,1.18566016030116,0.0106925761955906,0.305544404617988
"aw","i",1000,0.941746572203905,0.713951749925539,1.50427239286209,0.010351461982503,0.222178893983263
"aw","iː",1000,0.980963426312229,0.755819194306991,1.81725593570949,0.00940317873030129,0.162470970587467
"aw","ɪ",1000,0.971187899860419,0.64009456361263,1.07438652233665,0.0127943396420409,0.34150719808809
"aw","o",1000,0.906470601627783,0.489579318612882,0.741287946162292,0.0466635162113206,0.476499814034279
"aw","ow",1000,0.851184835732462,0.405096809353155,0.521092035911841,0.0589692523445095,0.593871664547968
"aw","ɔ",1000,0.822858290029989,0.308474566595479,0.366840214628112,0.0802507489788896,0.692920354735832
"aw","u",783,0.922026692173055,0.594732188104621,1.19081439062186,0.0268946666498939,0.303973609979548
"aw","uː",1000,0.930186060514531,0.688402777403875,1.47928091506214,0.0293550888832053,0.227801438084734
"aw","ʉː",1000,0.975783590977921,0.707533536852329,1.38393912510754,0.00791182980540104,0.25058950293986
"aw","ʊ",1000,0.938766297378187,0.603834722227657,0.953885753778847,0.0188282980393252,0.385241159000377
"ɐ","ɑ",1000,0.843531479723435,0.20712970071295,0.267322695329346,0.0681385624648124,0.765426032202758
"ɐ","ɑː",1000,0.881101530748818,0.287267734736277,0.363872864839092,0.0464489505345493,0.69497954546289
"ɐ","ɒ",1000,0.877662438023063,0.287505104025714,0.359836777834073,0.0516282663291392,0.697790211606157
"ɐ","ɒː",939,0.935878422001768,0.425107553536071,0.57538870260678,0.0271460978812176,0.562486186461555
"ɐ","e",1000,0.922661801276607,0.579804892208949,1.01891896373084,0.0235029663721609,0.360984967160557
"ɐ","ej",1000,0.947016009206827,0.573974598132266,0.904885211520908,0.0182546368677789,0.404588324516043
"ɐ","ə",1000,0.870524929369248,0.246715628654742,0.256733920329927,0.0401550756857957,0.773574018703654
"ɐ","əw",1000,0.855169983590141,0.155584321091688,0.219210308413833,0.0528076123605937,0.803152790601349
"ɐ","ɛ",1000,0.869994527914352,0.266973332262093,0.284663713707191,0.0645555713037819,0.752267188931945
"ɐ","ɛː",845,0.908768204899508,0.272318138889015,0.337880873297959,0.0408873510448617,0.71328025356158
"ɐ","ɚ",1000,0.911746856917581,0.488773987187017,0.741513078679066,0.0190201203111484,0.47639255050661
"ɐ","ɝ",1000,0.927446098417525,0.524892565235429,0.744894291701337,0.0196259189636651,0.474784485947568
"ɐ","i",1000,0.955571368228763,0.618587214203992,1.04248426585899,0.0198077667350515,0.352577696343433
"ɐ","iː",1000,0.973712844182561,0.688380076170127,1.36233973539206,0.00498151319336584,0.256060960629339
"ɐ","ɪ",1000,0.944880703525734,0.464004952756995,0.607949011224284,0.0204206986592567,0.544466419207596
"ɐ","o",1000,0.826712219946561,0.33968091227684,0.54712229266312,0.068829307628608,0.578612494294261
"ɐ","ow",1000,0.855419564517843,0.27030943268614,0.380775580748195,0.0678359571283717,0.683331225095811
"ɐ","ɔ",1000,0.837666675692367,0.210758536770052,0.29835029346927,0.0631191086756413,0.742041361973147
"ɐ","u",783,0.933393084112684,0.470575673535971,0.901876829941471,0.0246663724859887,0.405807313251043
"ɐ","uː",1000,0.915382596478473,0.595064444364859,1.13973578908154,0.0252551943999495,0.319903532657652
"ɐ","ʉː",1000,0.964487948014764,0.582227477597786,0.86131292936525,0.013672829168275,0.42260686495396
"ɐ","ʊ",1000,0.885510478110219,0.369724825481836,0.452246958905122,0.0453579150022239,0.636197035799672
"ɑ","ɑː",1000,0.793403449289266,0.0904032434406946,0.168557447809228,0.0885070119353895,0.844882725363121
"ɑ","ɒ",1000,0.854643100228678,0.235868967405753,0.284345772180718,0.0458462199128892,0.752506403936486
"ɑ","ɒː",939,0.907612714289912,0.413499240808256,0.525322053615311,0.0359898413691921,0.591364882497398
"ɑ","e",1000,0.921801999330113,0.718579309950771,1.65572003425914,0.0334525375813984,0.190954512402595
"ɑ","ej",1000,0.968224174630319,0.721329692355842,1.57455857666632,0.00715021292747111,0.207098950816305
"ɑ","ə",1000,0.909951856555021,0.494201458468811,0.654063364810613,0.0268099324540973,0.519928818222358
"ɑ","əw",1000,0.877946777770753,0.312609668712645,0.389644666586726,0.0392863562370515,0.677297498176645
"ɑ","ɛ",1000,0.919740184992861,0.481637028092678,0.638798767431749,0.032379668373645,0.52792620545903
"ɑ","ɛː",845,0.934299152797642,0.502415714079137,0.7330329565364,0.0218991179848356,0.480449595327926
"ɑ","ɚ",1000,0.949218867191215,0.624180464639688,1.1576959109247,0.0141653645056859,0.314209313728565
"ɑ","ɝ",1000,0.959347411430543,0.590822294264846,0.960946463296957,0.0146101885184872,0.382530663354118
"ɑ","i",1000,0.939150982699644,0.731571534386436,1.66550107214785,0.0166031490501222,0.189095883559029
"ɑ","iː",1000,0.983597860847571,0.775888577889979,2.03836336595436,0.00552986547172864,0.13024169453417
"ɑ","ɪ",1000,0.955361971346524,0.660184081888377,1.2329760382718,0.0177658638384269,0.291423996889028
"ɑ","o",1000,0.893773252991114,0.471018185619625,0.80210820543177,0.0334089696881208,0.448382684181149
"ɑ","ow",1000,0.875746435635781,0.320910197169885,0.426634506802686,0.0604661010421252,0.652702066802807
"ɑ","ɔ",1000,0.850799156969511,0.302591408431059,0.437806816226279,0.0749446174092192,0.645450461369851
"ɑ","u",783,0.921941347814378,0.606259358365598,1.36502084529923,0.0308617125988396,0.255375352556953
"ɑ","uː",1000,0.908916677189662,0.699486605908975,1.64844029069729,0.036724160106195,0.192349684370556
"ɑ","ʉː",1000,0.941788457201919,0.705016049948296,1.45649239727888,0.0148826232842124,0.23305229762436
"ɑ","ʊ",1000,0.931411557500628,0.58896340857579,0.955099997411165,0.0307010385861089,0.384773666258635
"ɑː","ɒ",1000,0.851212789566757,0.221668158291652,0.262305477353425,0.0689890139654505,0.769275991416971
"ɑː","ɒː",939,0.834701542150009,0.348748354751815,0.386624103510308,0.068438366747847,0.679346410868578
"ɑː","e",1000,0.969780271820224,0.743667214082412,1.8277010599982,0.00644792633211362,0.16078277317088
"ɑː","ej",1000,0.991376137434129,0.743421997090281,1.69372813180909,0.00215089658504865,0.183832891609498
"ɑː","ə",1000,0.961389277767967,0.5760855833626,0.844471647623398,0.0160188511393021,0.429784375829205
"ɑː","əw",1000,0.900675242572883,0.343975131651618,0.377969107638869,0.0476128539358016,0.685251669380929
"ɑː","ɛ",1000,0.947178537118185,0.539163953266416,0.75781390635643,0.0149877606497047,0.468689907918259
"ɑː","ɛː",845,0.930904659017852,0.559278733662953,0.868007570396032,0.0190233259108186,0.419787112841392
"ɑː","ɚ",1000,0.979053656786826,0.705447981994213,1.53605922544292,0.00807650401780442,0.215227595843345
"ɑː","ɝ",1000,0.981895845230277,0.683887736465429,1.33866431595347,0.00812058392896158,0.262195645339658
"ɑː","i",1000,0.984556824196949,0.762890899525772,1.89697074154051,0.00634425161818079,0.150022388172407
"ɑː","iː",1000,0.99338478081955,0.795202045783495,2.21861781566252,0.00173876685757046,0.108759330427141
"ɑː","ɪ",1000,0.97902827497989,0.705364139737575,1.42903029966842,0.00384136282336843,0.239541092734713
"ɑː","o",1000,0.936828731240293,0.501191484467678,0.812872232909715,0.0288418282239953,0.443582163467079
"ɑː","ow",1000,0.859170491321684,0.341030272910406,0.402793803322023,0.0405902630822353,0.668449917266605
"ɑː","ɔ",1000,0.865036413913091,0.337616106261436,0.446809407949165,0.0570374541583031,0.639665811876437
"ɑː","u",783,0.972047033129039,0.650505398817153,1.49443709143305,0.00950140182211509,0.224374871726317
"ɑː","uː",1000,0.960105433624439,0.73643938370872,1.85891865461934,0.0111204533390643,0.155841057295169
"ɑː","ʉː",1000,0.987764401315267,0.746555477854219,1.70486549647742,0.0049894291344751,0.181796836845929
"ɑː","ʊ",1000,0.957570350904296,0.650728477844366,1.13808103514969,0.0105591039144281,0.32043333250943
"ɒ","ɒː",939,0.785887325133648,0.0991178810987262,0.162841864081874,0.0831822342262574,0.849725549920612
"ɒ","e",1000,0.984680636770156,0.724361342287122,1.68510938051825,0.00549088766633963,0.185424149057193
"ɒ","ej",1000,0.980781174474841,0.702816537495029,1.45730933630391,0.00806846508446506,0.232861985854699
"ɒ","ə",1000,0.92298479352734,0.449935817383275,0.56569778553496,0.0249422737339741,0.567963691604907
"ɒ","əw",1000,0.848130014223807,0.153807317321581,0.217834653097746,0.0879183703197551,0.804258412310202
"ɒ","ɛ",1000,0.942767127790588,0.499235327580897,0.666891268984461,0.016190948494744,0.513301817306664
"ɒ","ɛː",845,0.941063282494181,0.515837620534694,0.74132249856884,0.0104803866348556,0.47648335010342
"ɒ","ɚ",1000,0.953816212041201,0.628385290467465,1.14725112420591,0.017064637173816,0.317508361930917
"ɒ","ɝ",1000,0.947734110010939,0.600249656399119,0.987858815860608,0.0242844434278539,0.372373157525858
"ɒ","i",1000,0.979607696369046,0.723685651471573,1.61126991614194,0.00364869339494912,0.19963393467733
"ɒ","iː",1000,0.991500881083611,0.75731469707448,1.84834087597814,0.00560304651106928,0.157498258805908
"ɒ","ɪ",1000,0.960236522662891,0.63316915860391,1.09940013921525,0.0109767954011312,0.333070819908538
"ɒ","o",1000,0.81954624251893,0.327736872580522,0.550979665717037,0.0633953300867295,0.576384869202741
"ɒ","ow",1000,0.788435252944092,0.107446004057452,0.219547499493956,0.101315621259423,0.802882020297614
"ɒ","ɔ",1000,0.844526983741068,0.239200394343065,0.337815824671759,0.0668095647896593,0.713326652971262
"ɒ","u",783,0.966296053736924,0.590404767612528,1.26066109844776,0.0154900492580663,0.283466565235154
"ɒ","uː",1000,0.952521190412124,0.689962168420253,1.58940223552163,0.0147335948096932,0.20404754766199
"ɒ","ʉː",1000,0.969953814619857,0.66098778449692,1.20689855169398,0.0118730666608876,0.299123558537933
"ɒ","ʊ",1000,0.921008894644489,0.50360980592652,0.726069437613641,0.0258621251022157,0.483806890905639
"ɒː","e",939,0.968964021629172,0.694719337213961,1.50579159348034,0.0128922535834268,0.221841615931543
"ɒː","ej",939,0.980216751660449,0.693659626313837,1.4008387373231,0.00632254939898898,0.246390220577992
"ɒː","ə",939,0.908960432233682,0.480744055125368,0.643401063877824,0.0221365381036813,0.525502115029986
"ɒː","əw",939,0.864093826557931,0.217114853944248,0.276109438873583,0.0645068567868353,0.758729891672774
"ɒː","ɛ",939,0.951748364112706,0.543269953221728,0.802793437777244,0.0167644608379808,0.448075543106315
"ɒː","ɛː",784,0.95496299367506,0.552173810481184,0.854631809807973,0.0140160638402571,0.425439805012152
"ɒː","ɚ",939,0.948629646900999,0.660344459781612,1.30668848388135,0.022824730034737,0.270715050927082
"ɒː","ɝ",939,0.961916424387378,0.662150180281843,1.26425059704248,0.00934904324400701,0.282450886377052
"ɒː","i",939,0.969914386027308,0.694523560596983,1.46359582035847,0.0117859478830744,0.231402694405836
"ɒː","iː",939,0.98033148929225,0.733416344466999,1.69673707161342,0.00581993220445182,0.1832805808562
"ɒː","ɪ",939,0.968050519543333,0.626571593731095,1.09685414555387,0.0111677403670094,0.333919896518
"ɒː","o",939,0.843018716140346,0.336840007621109,0.552994811241089,0.0702451904949778,0.575224539322874
"ɒː","ow",939,0.82470007352561,0.197856409162204,0.31434601943104,0.0787249432258441,0.730266298108214
"ɒː","ɔ",939,0.865377837900138,0.295038725504715,0.387710027656618,0.0713395586709556,0.678609092605615
"ɒː","u",722,0.930650200164902,0.563116562606349,1.1655923317207,0.0168067781769283,0.31173795505482
"ɒː","uː",939,0.942625580024841,0.667910475356939,1.48047901300249,0.02261980777302,0.227528673083178
"ɒː","ʉː",939,0.955809640732102,0.646194585496412,1.17373732065844,0.0145363771246033,0.309209165321781
"ɒː","ʊ",939,0.907495433376061,0.511650929281053,0.756404730318862,0.020827428568445,0.469350840081058
"e","ej",1000,0.821701602304864,0.249389489629592,0.456012164861652,0.0742026989352672,0.633806126887804
"e","ə",1000,0.820749805207463,0.32440527602883,0.543373056241067,0.0592273809241713,0.580785921131707
"e","əw",1000,0.90857289968048,0.568357626867176,1.06578010869556,0.0252987713487263,0.344459034438286
"e","ɛ",1000,0.84385060101324,0.416681109969488,0.692127530087807,0.04844106953727,0.500510085246206
"e","ɛː",845,0.838355234895911,0.336942143950306,0.597118910821188,0.0682157313582849,0.550395091302504
"e","ɚ",1000,0.899458734159923,0.537495853234095,0.87717091218885,0.0337668550783876,0.415958030434585
"e","ɝ",1000,0.969114458400331,0.707884052862251,1.57521818815964,0.00856416773342797,0.206962391011252
"e","i",1000,0.663225987180571,0.0825792812766775,0.241609516210597,0.174635693299272,0.785362789122462
"e","iː",1000,0.807050104980818,0.288081697117603,0.462284693678033,0.0884152428318413,0.629843002094098
"e","ɪ",1000,0.793001152284802,0.11059293277718,0.353998367988081,0.0973761894309579,0.701876112824641
"e","o",1000,0.818301780806773,0.551426732051638,0.851975090611612,0.0586851989911089,0.426571581849961
"e","ow",1000,0.967885011242545,0.73178352477194,1.67464774661569,0.0149015972006264,0.187374171044283
"e","ɔ",1000,0.875644262976126,0.508285133810709,0.744989930732542,0.0532156017987402,0.474739080190617
"e","u",783,0.668374752775074,0.238727075730807,0.420962877194842,0.182117114338792,0.656414468903305
"e","uː",1000,0.714228193615903,0.281583925747277,0.36450782166865,0.178640228781507,0.694538403521961
"e","ʉː",1000,0.765116167299569,0.201804827857997,0.356394504906909,0.127602773479569,0.700196334850967
"e","ʊ",1000,0.843455839740224,0.287096291808143,0.567167778655974,0.0879045260690823,0.567129402235313
"ej","ə",1000,0.912785772525643,0.393860476322232,0.502862302684441,0.0338035314574794,0.604797067593408
"ej","əw",1000,0.959738493405684,0.57086630803666,0.928226404821766,0.00921532856150942,0.395254109858847
"ej","ɛ",1000,0.804271471399512,0.271791905269043,0.347504044453752,0.0795840494593022,0.706449156722843
"ej","ɛː",845,0.853503445503949,0.263234887769358,0.355151985670139,0.0531486484880981,0.701066882990941
"ej","ɚ",1000,0.937426722658214,0.565585476229747,0.961782601638657,0.020303535252576,0.382210948481171
"ej","ɝ",1000,0.971551322881164,0.694922748563799,1.42221039652934,0.00784723508718671,0.241180323127719
"ej","i",1000,0.841986641118054,0.281165933734213,0.349060456419086,0.0579626547617577,0.705350486016323
"ej","iː",1000,0.863026046919937,0.383797673690647,0.446857812462399,0.0542459714618592,0.639634849913537
"ej","ɪ",1000,0.786568468261249,0.140284487673549,0.195155808450118,0.0666621376079636,0.822706463450404
"ej","o",1000,0.959745631696944,0.641315461933369,1.35052740040014,0.0144363129541957,0.25910357327635
"ej","ow",1000,0.979721879604817,0.732871536146096,1.65459472363321,0.00648676764592729,0.191169516494976
"ej","ɔ",1000,0.948832877512237,0.595366893987753,1.04996733723747,0.0198602077302045,0.349949179231423
"ej","u",783,0.943621059446547,0.521116871368169,1.1485013036174,0.0184977274919904,0.317111667535106
"ej","uː",1000,0.92124226111794,0.58088347244835,1.17890360078097,0.0250557680903106,0.307615823526216
"ej","ʉː",1000,0.908782504713384,0.413159557570035,0.521193762084025,0.0445223754022032,0.593811255329417
"ej","ʊ",1000,0.914785547190259,0.389919239709066,0.556620668500798,0.0400579009337619,0.573142633877867
"ə","əw",1000,0.856676499555889,0.244508722492102,0.279293670298483,0.048070154895029,0.756317762535512
"ə","ɛ",1000,0.868143357533633,0.201951217823663,0.231780037333258,0.0533598995767034,0.79312056103474
"ə","ɛː",845,0.850183184310653,0.151658542632368,0.209141450968164,0.0567298920590249,0.811280471118734
"ə","ɚ",1000,0.875284645487585,0.286549997529657,0.385748214668276,0.0592555412974759,0.679941703476751
"ə","ɝ",1000,0.893330332931519,0.446579949034277,0.562973885008,0.048467764361042,0.569512877159573
"ə","i",1000,0.870101646860008,0.370266809242231,0.497180884849458,0.0510394254150326,0.608242951925133
"ə","iː",1000,0.910136365465386,0.503629781277096,0.724629400686237,0.021962444704972,0.484504092571866
"ə","ɪ",1000,0.843014942894814,0.164425440993334,0.213879197178985,0.0594119449155286,0.807445920876319
"ə","o",1000,0.841066143478618,0.323747332579515,0.514904459805896,0.0866818565203996,0.597557682668083
"ə","ow",1000,0.897176125043745,0.438523426511264,0.577546621134256,0.0334689359114241,0.561273695796883
"ə","ɔ",1000,0.85613071437748,0.282575271456196,0.353647040050504,0.0517956609393197,0.702122744833615
"ə","u",783,0.848383063555392,0.227430292673515,0.565525448219865,0.0591516545376145,0.568061581377378
"ə","uː",1000,0.803517291515346,0.340409726811431,0.646437919187444,0.0688167867475011,0.523908661909659
"ə","ʉː",1000,0.85922949638304,0.303960847190545,0.320218840906836,0.0403070946151614,0.725990143346777
"ə","ʊ",1000,0.844964031715967,0.0780622980179468,0.175810643737815,0.066054993065293,0.838776795939406
"əw","ɛ",1000,0.896571451382462,0.338898933760534,0.411912545455373,0.0281632726638951,0.66238220185298
"əw","ɛː",845,0.904927668794777,0.320899164384621,0.404696252865914,0.0269808970150155,0.667179433924805
"əw","ɚ",1000,0.916246237061053,0.51103926629619,0.850481215479934,0.0262659298016121,0.427209302747064
"əw","ɝ",1000,0.926492127748026,0.554974853315769,0.878924533222588,0.0351935346705508,0.415229236883877
"əw","i",1000,0.955938475614991,0.586697389479429,1.0226699954172,0.0198325462926994,0.359633437510406
"əw","iː",1000,0.967048385870744,0.656280303007203,1.25705800932095,0.00407416373556311,0.28448976276316
"əw","ɪ",1000,0.941950237661963,0.45497915868983,0.622808359221835,0.0185693464694482,0.536435815740096
"əw","o",1000,0.745411381157215,0.225009775193545,0.465283719513336,0.109277091681529,0.627956916282318
"əw","ow",1000,0.743784793307835,0.125991730334397,0.214964317472103,0.117886380505027,0.806570220128234
"əw","ɔ",1000,0.807549353676952,0.192815099982485,0.317734904032644,0.0689679009973374,0.727795698548361
"əw","u",783,0.909273904554334,0.416915519587678,0.879949187575712,0.0306690567287463,0.414803988342351
"əw","uː",1000,0.884504163575107,0.54743075593841,1.0897802789426,0.0507904773622864,0.336290375666659
"əw","ʉː",1000,0.919418473602619,0.524749865654887,0.748416645452136,0.0338101378803725,0.473115068897408
"əw","ʊ",1000,0.835364751014912,0.307778792572812,0.386256995525283,0.0527502179713873,0.679595850143379
"ɛ","ɛː",845,0.807030774098479,0.0470945960512442,0.109637001608983,0.0659122149561348,0.896159380674462
"ɛ","ɚ",1000,0.883318308316321,0.416891452812373,0.562856164899029,0.040606417601226,0.569579924223849
"ɛ","ɝ",1000,0.934046191243458,0.5101845442525,0.674097581216188,0.0256881193629631,0.509616100306006
"ɛ","i",1000,0.890864477682433,0.47575374853383,0.656425575468168,0.0399185892676719,0.518702086296831
"ɛ","iː",1000,0.943742806450571,0.584285377590344,0.917725977843948,0.0206164925452305,0.399426313401252
"ɛ","ɪ",1000,0.814362214600305,0.256522325864482,0.269387426681249,0.0749267695023235,0.763847263503994
"ɛ","o",1000,0.895440097837102,0.484229513790446,0.842884010217231,0.0495571554248933,0.430467259523267
"ɛ","ow",1000,0.906142284320521,0.517806622983558,0.792434610432682,0.028377547404651,0.452741203961527
"ɛ","ɔ",1000,0.867836054308032,0.390947492597228,0.543084494011149,0.0371916298909037,0.580953538195027
"ɛ","u",783,0.903242952555943,0.465366749625774,0.985132648609136,0.0238337769383726,0.373389694027919
"ɛ","uː",1000,0.879449090840735,0.575509754594031,1.14780668040334,0.0488794735959633,0.317332017181954
"ɛ","ʉː",1000,0.905784961878589,0.515648312752865,0.666051541094304,0.032194557498596,0.513733032184966
"ɛ","ʊ",1000,0.841947362975826,0.318828708702475,0.384396781510807,0.0452663082319448,0.680861220432878
"ɛː","ɚ",845,0.897594222927934,0.372656669497732,0.547809582486508,0.0391185254221811,0.578214956442756
"ɛː","ɝ",845,0.891827563231921,0.491587172274354,0.682005877944321,0.0437060738473867,0.505601799031734
"ɛː","i",845,0.896615516614914,0.404817686252762,0.539749141917323,0.0385702207444552,0.582894457820906
"ɛː","iː",845,0.930988078607203,0.506456039686511,0.731191309605108,0.0201552367120453,0.48133522911286
"ɛː","ɪ",845,0.881147895075973,0.188467650168037,0.206347784085459,0.053951578508043,0.813550087303153
"ɛː","o",845,0.912476555765818,0.459761433018305,0.82876024550236,0.0459477642215578,0.436590215625931
"ɛː","ow",845,0.945972880318751,0.544060523069585,0.88375288814784,0.0162725549536458,0.413229195094255
"ɛː","ɔ",845,0.890682820621363,0.37571549823077,0.559302862445075,0.0372272184161372,0.571607413975221
"ɛː","u",628,0.856586535931213,0.401423500631757,0.840252913856418,0.0375810885769402,0.431601351661851
"ɛː","uː",845,0.881727863586871,0.492515859895059,0.935989074103049,0.0468986151263388,0.392197760982417
"ɛː","ʉː",845,0.901308952762,0.421706772528858,0.502788665072327,0.0309226514727459,0.604841605045075
"ɛː","ʊ",845,0.899839402740423,0.239364251130512,0.311795463576321,0.0598057822509977,0.732131260424617
"ɚ","ɝ",1000,0.71857357370881,0.153386762474561,0.208403722913072,0.137818554400084,0.811879196303856
"ɚ","i",1000,0.913920681790317,0.547539401982559,0.88452856155616,0.0307945768971253,0.41290878847759
"ɚ","iː",1000,0.961109394988174,0.639182177050173,1.24225130796491,0.00906857798696831,0.288733457749941
"ɚ","ɪ",1000,0.874024348325878,0.40747902386327,0.562005673067005,0.0523911049107683,0.570064553354432
"ɚ","o",1000,0.902440172251894,0.575361341271901,0.996051449129359,0.0341569842328695,0.369334903451582
"ɚ","ow",1000,0.946845028738991,0.620575149053487,1.14978003891921,0.0143820010327265,0.316706424805525
"ɚ","ɔ",1000,0.919085864736549,0.526897123949857,0.799992312407097,0.0374385828150964,0.449332418388655
"ɚ","u",783,0.908685361696726,0.482820157054085,0.937004315518123,0.0245057274452964,0.391799787626268
"ɚ","uː",1000,0.896311705923442,0.556453090999671,0.949776258591813,0.03539974600528,0.386827563116584
"ɚ","ʉː",1000,0.897403661913999,0.512010617733117,0.699868999226875,0.041154297444115,0.496650361111315
"ɚ","ʊ",1000,0.852979866367379,0.317755494274594,0.448069837301434,0.0655253181461057,0.638860066210922
"ɝ","i",1000,0.968923052076275,0.699423231009733,1.43473803808019,0.0117157580298575,0.238177749343515
"ɝ","iː",1000,0.988400714932159,0.759391032344343,1.8928468439448,0.00375564262845374,0.150642342573921
"ɝ","ɪ",1000,0.927388176954982,0.584718300012762,0.892713483860826,0.0211606357464156,0.409542955456441
"ɝ","o",1000,0.913213878634996,0.642914894473366,1.27350670145943,0.0207273003413402,0.279848553790805
"ɝ","ow",1000,0.93751644248805,0.607440615814328,1.04351738444642,0.0141151224049836,0.352213629866132
"ɝ","ɔ",1000,0.930244605660078,0.592251195744934,0.976036441889001,0.0304915841212121,0.376801618129976
"ɝ","u",783,0.966745042187741,0.646446999123859,1.51449482048617,0.00829112702486797,0.219919255492664
"ɝ","uː",1000,0.973797238876407,0.712368593238979,1.65688443495635,0.0116495347345511,0.19073229423582
"ɝ","ʉː",1000,0.956222682798179,0.668118629654834,1.18416783603149,0.0204801804318883,0.306000716346308
"ɝ","ʊ",1000,0.888011522753209,0.513788529729235,0.727453017168278,0.0388571307521235,0.48313796844342
"i","iː",1000,0.743172772590763,0.0960004708449265,0.123601433648156,0.133449427303556,0.88373199653726
"i","ɪ",1000,0.832740134047273,0.155948251721195,0.223482042849611,0.0802471208193882,0.799729252597117
"i","o",1000,0.913513926941379,0.58580439239095,1.09809432863899,0.0238301561147876,0.33350603139786
"i","ow",1000,0.972907368227833,0.727254483777225,1.63585802575487,0.00821738930338468,0.194785168885881
"i","ɔ",1000,0.936427508197823,0.559064258878723,0.927361180696136,0.0210941241326759,0.39559624123927
"i","u",783,0.779017344808357,0.282030889957574,0.630953139030184,0.0997184055241568,0.532084408820263
"i","uː",1000,0.724300100337592,0.296693179988033,0.54727241105671,0.147527109269958,0.57852564043545
"i","ʉː",1000,0.752438833497111,0.111282615644315,0.184244564750398,0.127496693298278,0.831732366532271
"i","ʊ",1000,0.837996203507183,0.311104849522136,0.443297456214149,0.0728692134969706,0.641916236712968
"iː","ɪ",1000,0.879208268546898,0.316626800616889,0.381666599561904,0.0453013727444986,0.682722635291003
"iː","o",1000,0.947776527585764,0.672227882118514,1.49440115227931,0.0111350155029522,0.224382935714234
"iː","ow",1000,0.982604568063435,0.774341355625292,2.01428015401448,0.00460117465851007,0.133416408073256
"iː","ɔ",1000,0.970156192463315,0.654662930539458,1.28977971855187,0.0122103915708776,0.275331426815578
"iː","u",783,0.89085623616789,0.441780291193355,0.980510596944283,0.0509106796376068,0.37511951506638
"iː","uː",1000,0.854619856201401,0.435640150350168,0.826354554637706,0.0728743792740769,0.437641781082818
"iː","ʉː",1000,0.7918250145462,0.165774905617822,0.253572820406452,0.0840113272413443,0.776023232540325
"iː","ʊ",1000,0.910120258793597,0.429850924970584,0.579696723622646,0.0364813203989316,0.560068196265067
"ɪ","o",1000,0.879524426551147,0.509612767557678,0.895557741072851,0.031169089426095,0.408379764942419
"ɪ","ow",1000,0.945682855691512,0.647445201615422,1.20353939942002,0.0153337732961678,0.300130049651818
"ɪ","ɔ",1000,0.90853484691202,0.475144845955165,0.709419802983628,0.0244786188602025,0.491929530724198
"ɪ","u",783,0.851831954653892,0.28835849947492,0.681273279615558,0.0459572624268186,0.505972337776184
"ɪ","uː",1000,0.845606774358528,0.360266204172224,0.694405922184341,0.055477824505382,0.499371025129275
"ɪ","ʉː",1000,0.813703616314347,0.20856802976084,0.217179219929246,0.0714538401400906,0.80478572273917
"ɪ","ʊ",1000,0.847103222414747,0.137742801566613,0.2236804281015,0.0656888727750909,0.799570613844212
"o","ow",1000,0.767572001093244,0.250139223021244,0.373697658913432,0.119454193381228,0.688184946963235
"o","ɔ",1000,0.740300242378778,0.0990939823703973,0.164350136785221,0.11144933165564,0.848444898097202
"o","u",783,0.829118505829882,0.340250005089556,0.427203331540401,0.077419896479469,0.65233089929549
"o","uː",1000,0.836709021995777,0.477467548245925,0.609467437495323,0.0795420955815215,0.543640314441286
"o","ʉː",1000,0.907197770817909,0.518618318427863,0.82598298783759,0.0450689831428721,0.43780442445358
"o","ʊ",1000,0.77709509838466,0.338510529839609,0.61055283792402,0.0710341790979054,0.543050567124828
"ow","ɔ",1000,0.789494693294433,0.224949927070406,0.34028672548404,0.0835362320251233,0.711566269327349
"ow","u",783,0.947510440972964,0.583103553497981,1.07184450539415,0.0234478664276246,0.342376419491318
"ow","uː",1000,0.94049460948918,0.685940945494028,1.45092281841534,0.0246626084334362,0.234353922160841
"ow","ʉː",1000,0.963070616429966,0.66889770147196,1.26863679231135,0.0165315071392672,0.281214714662661
"ow","ʊ",1000,0.889410680908512,0.4875548475389,0.723596742026827,0.0650716185694213,0.48500467834121
"ɔ","u",783,0.862038277418588,0.337001665013469,0.506752099212441,0.0640547220784264,0.60244909957915
"ɔ","uː",1000,0.826288345252652,0.483585664544286,0.68966418136944,0.0427504746491282,0.501744535940265
"ɔ","ʉː",1000,0.924624752561389,0.530752936963609,0.760448374309047,0.0340040746934302,0.467456784401526
"ɔ","ʊ",1000,0.846313380502608,0.364996039351752,0.517746225631533,0.068771534894928,0.595861974210962
"u","uː",783,0.645142751929326,0.0447825138505623,0.157941819827746,0.198605943013477,0.853899460541015
"u","ʉː",783,0.767221767889343,0.211059837703211,0.497475265237179,0.0779894241600207,0.608063923481641
"u","ʊ",783,0.816841439421774,0.231007195720544,0.590056092274187,0.0727280129413637,0.554296192128498
"uː","ʉː",1000,0.747677187271113,0.188016039515537,0.405288645740794,0.139067349817794,0.66678431862518
"uː","ʊ",1000,0.797866970992818,0.296320528576212,0.629583993781419,0.109681491832217,0.532813408599954
"ʉː","ʊ",1000,0.832881774882921,0.196626241809134,0.226951131515691,0.0845375001741769,0.796959727552475
